,close,date,high,low,open,volume,RSI_14,sma_7,RSI_Trend,ub,mb,lb,band_diff,band_diff_trend,band_diff_trend_fited,trend_diff
0,266.5,2020-04-07 09:15:00+05:30,279.95,248.8,255.0,662,0.0,0.0,,,,,,,,
1,266.45,2020-04-07 09:25:00+05:30,266.5,259.75,266.5,90,0.0,0.0,0.0,,,,,,,
2,266.4,2020-04-07 09:35:00+05:30,266.5,260.05,260.1,148,0.0,0.0,0.0,,,,,,,
3,265.7,2020-04-07 09:45:00+05:30,267.0,261.1,263.3,718,0.0,0.0,0.0,,,,,,,
4,264.5,2020-04-07 09:55:00+05:30,265.45,263.3,265.45,101,0.0,0.0,0.0,,,,,,,
5,263.6,2020-04-07 10:05:00+05:30,263.6,263.5,263.55,140,0.0,0.0,0.0,,,,,,,
6,263.55,2020-04-07 10:15:00+05:30,263.6,263.55,263.6,12,0.0,265.24285714285713,0.0,,,,,,,
7,261.55,2020-04-07 10:25:00+05:30,263.5,261.55,263.5,255,0.0,264.5357142857143,0.0,,,,,,,
8,262.6,2020-04-07 10:35:00+05:30,262.6,262.6,262.6,2,19.108304371767176,263.98571428571427,19.108304371767176,,,,,,,
9,262.6,2020-04-07 10:45:00+05:30,262.6,262.6,262.6,0,19.108304371767176,263.4428571428571,0.0,,,,,,,
10,261.5,2020-04-07 10:55:00+05:30,262.6,261.5,262.6,6,15.50792277634497,262.8428571428571,-3.6003815954222063,,,,,,,
11,270.0,2020-04-07 11:05:00+05:30,270.0,262.45,263.5,2456,67.09769592375665,263.6285714285714,51.58977314741168,,,,,,,
12,270.0,2020-04-07 11:15:00+05:30,270.1,270.0,270.1,24,67.09769592375665,264.5428571428571,0.0,,,,,,,
13,273.65,2020-04-07 11:25:00+05:30,273.65,270.0,270.0,287,74.76976131027297,265.98571428571427,7.672065386516323,,,,,,,
14,273.25,2020-04-07 11:35:00+05:30,273.65,271.0,273.65,13,72.76725547971259,267.6571428571428,-2.0025058305603807,,,,,,,
15,275.0,2020-04-07 11:45:00+05:30,275.0,271.0,273.25,378,75.81860456181298,269.4285714285714,3.051349082100387,,,,,,,
16,280.4,2020-04-07 11:55:00+05:30,283.05,279.0,279.0,3542,82.37945584600364,271.97142857142853,6.560851284190662,,,,,,,
17,280.1,2020-04-07 12:05:00+05:30,283.2,280.0,280.4,737,81.06357440322105,274.6285714285714,-1.3158814427825831,,,,,,,
18,280.1,2020-04-07 12:15:00+05:30,280.1,280.1,280.1,112,81.06357440322105,276.0714285714285,0.0,,,,,,,
19,280.0,2020-04-07 12:25:00+05:30,280.1,280.0,280.1,540,80.5660686270521,277.49999999999994,-0.49750577616894986,282.94861970762594,269.37250000000006,255.7963802923742,27.15,,,-0.8999999999999999
20,280.0,2020-04-07 12:35:00+05:30,280.0,280.0,280.0,0,80.5660686270521,278.4071428571428,0.0,284.34551145540684,270.0475,255.7494885445932,28.6,1.45,5.300000000000001,-0.6
21,280.95,2020-04-07 12:45:00+05:30,281.0,280.95,281.0,400,81.79693224647394,279.50714285714275,1.2308636194218394,285.75647301680766,270.77250000000004,255.78852698319244,29.97,1.37,5.2,-0.3
22,280.0,2020-04-07 12:55:00+05:30,280.85,280.0,280.85,176,76.57398991324585,280.2214285714285,-5.22294233322809,286.8301829066978,271.45250000000004,256.0748170933023,30.76,0.79,5.0,0.0
23,280.9,2020-04-07 13:05:00+05:30,280.95,280.0,280.0,93,78.00674299602593,280.29285714285703,1.4327530827800814,287.89258710367847,272.21250000000003,256.5324128963216,31.36,0.6,4.9,0.10000000000000009
24,281.95,2020-04-07 13:15:00+05:30,281.95,280.9,280.9,275,79.57617189480315,280.55714285714276,1.5694288987772183,288.899520309879,273.08500000000004,257.2704796901211,31.63,0.27,4.8,0.10000000000000009
25,281.9,2020-04-07 13:25:00+05:30,281.95,281.9,281.95,2,79.28602752767881,280.81428571428563,-0.29014436712434133,289.6202634926221,274.0,258.3797365073779,31.24,-0.39,4.6000000000000005,0.09999999999999981
26,281.9,2020-04-07 13:35:00+05:30,281.9,281.9,281.9,0,79.2860275276788,281.08571428571423,-1.4210854715202004e-14,290.1029249719572,274.91749999999996,259.73207502804274,30.37,-0.87,4.4,-0.10000000000000009
27,280.05,2020-04-07 13:45:00+05:30,281.9,280.05,281.9,48,68.55927187402423,281.0928571428571,-10.726755653654564,289.8039233552763,275.8425,261.88107664472363,27.92,-2.45,3.8,-0.6000000000000003
28,280.05,2020-04-07 13:55:00+05:30,280.05,280.05,280.05,22,68.55927187402423,280.96428571428567,0.0,289.30564397834615,276.715,264.1243560216538,25.18,-2.74,3.7,-1.0999999999999999
29,280.0,2020-04-07 14:05:00+05:30,280.05,280.0,280.05,1015,68.26975909244612,280.9642857142857,-0.2895127815781109,288.33978351344376,277.5849999999999,266.8302164865561,21.51,-3.67,3.4000000000000004,-1.9
30,280.1,2020-04-07 14:15:00+05:30,280.1,277.3,280.0,8004,68.55575341892434,280.84999999999997,0.28599432647821743,286.1887488265268,278.515,270.84125117347315,15.35,-6.16,2.5,-3.2
31,277.05,2020-04-07 14:25:00+05:30,278.1,277.05,277.6,170,52.89581961611561,280.15,-15.65993380280873,285.4668041897963,278.86749999999995,272.2681958102036,13.2,-2.15,3.9000000000000004,-3.5999999999999996
32,280.1,2020-04-07 14:35:00+05:30,281.95,280.0,280.0,352,62.195606086959124,279.89285714285717,9.299786470843515,284.49525367972603,279.3725,274.24974632027397,10.25,-2.95,3.7,-4.2
33,280.0,2020-04-07 14:45:00+05:30,280.15,280.0,280.15,277,61.765038743268306,279.62142857142857,-0.43056734369081795,284.0496957885166,279.69,275.3303042114834,8.72,-1.53,4.2,-4.500000000000001
34,280.0,2020-04-07 14:55:00+05:30,280.95,280.0,280.0,120,61.765038743268306,279.6142857142857,0.0,283.16059582899607,280.02750000000003,276.894404171004,6.27,-2.45,3.8,-4.999999999999999
35,280.05,2020-04-07 15:05:00+05:30,280.95,280.0,280.1,141,61.91791550218767,279.6142857142857,0.15287675891936203,282.33590292623296,280.28000000000003,278.2240970737671,4.11,-2.16,3.9000000000000004,-5.499999999999999
36,281.9,2020-04-07 15:15:00+05:30,281.9,280.05,280.05,41,67.15132872024684,279.88571428571424,5.2334132180591695,282.535028971316,280.355,278.174971028684,4.36,0.25,4.8,-5.300000000000001
37,280.0,2020-04-07 15:25:00+05:30,281.9,280.0,281.9,882,58.2913091759267,279.87142857142857,-8.860019544320139,282.53294827192093,280.35,278.1670517280791,4.37,0.01,4.699999999999999,-5.300000000000001
38,275.0,2020-04-08 09:15:00+05:30,279.5,262.95,279.5,145,42.426938448139445,279.5785714285714,-15.864370727787254,283.3360037431552,280.09499999999997,276.85399625684477,6.48,2.11,5.5,-4.999999999999999
39,277.0,2020-04-08 09:25:00+05:30,277.0,264.0,275.0,3104,48.468341810791465,279.1357142857143,6.041403362652019,283.46978442789714,279.945,276.42021557210285,7.05,0.57,4.9,-4.800000000000001
40,275.0,2020-04-08 09:35:00+05:30,277.0,275.0,277.0,68,43.54722496636662,278.42142857142863,-4.921116844424844,283.8553264041974,279.695,275.5346735958026,8.32,1.27,5.2,-4.6000000000000005
41,276.9,2020-04-08 09:45:00+05:30,277.0,275.0,275.0,250,48.859480292939054,277.97857142857146,5.3122553265724335,283.78769621511105,279.49249999999995,275.19730378488885,8.59,0.27,4.8,-4.6000000000000005
42,275.0,2020-04-08 09:55:00+05:30,276.9,275.0,276.9,1620,44.36369051338721,277.2571428571429,-4.495789779551842,283.9732810638068,279.24249999999995,274.5117189361931,9.46,0.87,5.0,-4.300000000000001
43,275.95,2020-04-08 10:05:00+05:30,276.0,275.0,275.0,128,46.990136801161256,276.4071428571429,2.626446287774044,283.87620994491175,278.995,274.11379005508826,9.76,0.3,4.8,-4.3
44,276.55,2020-04-08 10:15:00+05:30,278.5,275.7,275.95,172,48.6392626088869,275.91428571428577,1.649125807725646,283.514517061688,278.725,273.935482938312,9.58,-0.18,4.699999999999999,-4.3
45,279.0,2020-04-08 10:25:00+05:30,279.15,276.55,276.55,374,54.8200320122677,276.4857142857144,6.1807694033808005,283.1346274906888,278.58000000000004,274.0253725093113,9.11,-0.47,4.6000000000000005,-4.4
46,279.75,2020-04-08 10:35:00+05:30,279.9,275.05,279.9,317,56.54404468811613,276.8785714285715,1.724012675848428,282.79264558721434,278.4725,274.1523544127857,8.64,-0.47,4.6000000000000005,-4.5
47,277.3,2020-04-08 10:45:00+05:30,279.9,277.3,279.75,118,49.851894114382866,277.20714285714297,-6.692150573733265,282.6186408518175,278.33500000000004,274.0513591481826,8.57,-0.07,4.699999999999999,-4.5
48,279.15,2020-04-08 10:55:00+05:30,279.15,279.15,279.15,2,54.25457147706888,277.5285714285715,4.402677362686013,282.51630857966114,278.29,274.0636914203389,8.45,-0.12,4.699999999999999,-4.5
49,281.55,2020-04-08 11:05:00+05:30,304.0,279.15,279.15,771,59.25247386765168,278.46428571428584,4.9979023905828015,282.778643186354,278.3675,273.95635681364604,8.82,0.37,4.9,-4.5
50,282.2,2020-04-08 11:15:00+05:30,290.5,281.55,281.55,90,60.51083366130779,279.35714285714295,1.258359793656112,283.1492594493793,278.47249999999997,273.7957405506206,9.35,0.53,4.9,-4.4
51,295.0,2020-04-08 11:25:00+05:30,295.0,282.2,282.2,262,76.13824981837958,281.9928571428573,15.627416157071785,288.0626102917478,279.37,270.67738970825224,17.39,8.04,7.6,-2.7
52,294.75,2020-04-08 11:35:00+05:30,295.0,286.45,295.0,462,75.50971869628538,284.24285714285725,-0.628531122094202,291.19253701763967,280.10249999999996,269.01246298236026,22.18,4.79,6.5,-1.6999999999999997
53,283.0,2020-04-08 11:45:00+05:30,294.75,283.0,294.75,1477,53.256997849620696,284.70714285714297,-22.25272084666468,291.41759952344387,280.25249999999994,269.087400476556,22.33,0.15,4.8,-1.6999999999999997
54,281.7,2020-04-08 11:55:00+05:30,282.9,281.7,281.8,75,51.45040923036385,285.33571428571435,-1.8065886192568428,291.52037577174593,280.3375,269.154624228254,22.37,0.04,4.699999999999999,-1.5999999999999996
55,281.7,2020-04-08 12:05:00+05:30,281.7,281.7,281.7,0,51.45040923036385,285.7000000000001,0.0,291.6182799431072,280.41999999999996,269.2217200568927,22.4,0.03,4.699999999999999,-1.6999999999999997
56,281.7,2020-04-08 12:15:00+05:30,281.7,281.7,281.7,0,51.45040923036385,285.72142857142865,0.0,291.60307116502213,280.40999999999997,269.2169288349778,22.39,-0.01,4.699999999999999,-1.6999999999999997
57,285.0,2020-04-08 12:25:00+05:30,285.0,282.0,282.0,74,56.164845488940806,286.12142857142857,4.714436258576953,292.03636515810354,280.65999999999997,269.2836348418964,22.75,0.36,4.9,-1.5999999999999996
58,282.1,2020-04-08 12:45:00+05:30,285.0,282.1,285.0,2,51.43774477504882,284.27857142857147,-4.727100713891986,292.0867326177018,281.015,269.9432673822982,22.14,-0.61,4.5,-1.6999999999999997
59,278.05,2020-04-08 12:55:00+05:30,281.0,278.05,281.0,153,45.65823367704318,281.8928571428572,-5.779511098005642,292.0688049465189,281.0675,270.06619505348107,22.0,-0.14,4.699999999999999,-1.6999999999999997
60,282.95,2020-04-08 13:05:00+05:30,282.95,278.05,278.05,2,52.5978152004525,281.8857142857143,6.939581523409323,292.1120208336212,281.465,270.81797916637873,21.29,-0.71,4.5,-1.9
61,283.15,2020-04-08 13:15:00+05:30,283.15,281.05,281.05,35,52.86241254514868,282.0928571428572,0.26459734469617757,292.225389487204,281.7775,271.32961051279597,20.9,-0.39,4.6000000000000005,-2.0
62,283.55,2020-04-08 13:25:00+05:30,283.55,283.55,283.55,20,53.422400778082675,282.3571428571429,0.5599882329339962,292.17394652091315,282.205,272.2360534790868,19.94,-0.96,4.4,-2.1999999999999997
63,279.35,2020-04-08 13:35:00+05:30,280.9,279.35,280.9,20,47.09583492335413,282.0214285714286,-6.326565854728543,292.0050243208954,282.375,272.7449756791046,19.26,-0.68,4.5,-2.3
64,279.35,2020-04-08 13:45:00+05:30,279.35,279.35,279.35,0,47.095834923354126,281.2142857142858,-7.105427357601002e-15,291.8658288402678,282.515,273.1641711597322,18.7,-0.56,4.5,-2.4
65,280.85,2020-04-08 13:55:00+05:30,280.85,280.85,280.85,3,49.569545302500075,281.03571428571433,2.473710379145949,291.847873369079,282.6075,273.367126630921,18.48,-0.22,4.6000000000000005,-2.5
66,284.0,2020-04-08 14:05:00+05:30,284.0,280.85,280.85,141,54.39235988698048,281.88571428571436,4.822814584480405,291.97879789859746,282.82000000000005,273.66120210140264,18.32,-0.16,4.699999999999999,-2.4
67,283.9,2020-04-08 14:15:00+05:30,284.0,283.9,284.0,2,54.2151034147246,282.0214285714286,-0.17725647225587693,291.9395272611027,283.15,274.3604727388973,17.58,-0.74,4.5,-2.6
68,283.9,2020-04-08 14:25:00+05:30,283.9,283.9,283.9,0,54.21510341472461,282.12857142857143,7.105427357601002e-15,291.976346806974,283.3875,274.798653193026,17.18,-0.4,4.6000000000000005,-2.7
69,283.9,2020-04-08 14:35:00+05:30,283.95,283.9,283.9,56,54.21510341472461,282.17857142857144,0.0,292.05220021872253,283.505,274.95779978127746,17.09,-0.09,4.699999999999999,-2.7
70,281.15,2020-04-08 14:45:00+05:30,283.9,281.15,283.9,204,48.757608497988066,282.4357142857143,-5.457494916736543,292.0462232296224,283.4525,274.8587767703776,17.19,0.1,4.8,-2.7
71,281.0,2020-04-08 14:55:00+05:30,283.8,281.0,281.15,1052,48.47099395466991,282.67142857142863,-0.2866145433181586,289.45940728004655,282.75249999999994,276.04559271995333,13.41,-3.78,3.4000000000000004,-3.5000000000000004
72,281.0,2020-04-08 15:05:00+05:30,281.0,281.0,281.0,435,48.47099395466991,282.6928571428572,0.0,285.7168344344763,282.06499999999994,278.41316556552357,7.3,-6.11,2.5,-4.8
73,281.05,2020-04-08 15:15:00+05:30,283.5,281.0,281.0,636,48.587828128096305,282.27142857142866,0.11683417342639757,285.61835065790166,281.9675,278.3166493420983,7.3,0.0,4.699999999999999,-4.8
74,281.0,2020-04-08 15:25:00+05:30,283.75,281.0,281.05,645,48.46947734249987,281.85714285714295,-0.11835078559643364,285.6074901539411,281.9325,278.2575098460589,7.35,0.05,4.699999999999999,-4.8
75,305.0,2020-04-09 09:15:00+05:30,306.0,283.0,305.0,722,77.19007393100681,284.8714285714286,28.720596588506936,294.0429376460305,283.09749999999997,272.1520623539694,21.89,14.54,10.0,-1.6999999999999997
76,305.05,2020-04-09 09:25:00+05:30,307.5,305.0,305.0,695,77.21856137611425,287.8928571428572,0.028487445107444387,298.9315426629521,284.265,269.5984573370479,29.33,7.44,7.4,-0.19999999999999962
77,305.0,2020-04-09 09:35:00+05:30,305.9,305.0,305.05,235,77.11484381631969,291.30000000000007,-0.10371755979456054,302.6229073441588,285.265,267.90709265584115,34.72,5.39,6.7,0.8999999999999997
78,305.0,2020-04-09 09:45:00+05:30,305.95,305.0,305.0,861,77.1148438163197,294.72857142857146,1.4210854715202004e-14,305.7919938141179,286.40999999999997,267.028006185882,38.76,4.04,6.2,1.8000000000000005
79,305.05,2020-04-09 09:55:00+05:30,306.0,305.0,305.0,684,77.15043790124857,298.16428571428577,0.03559408492886007,308.4099802472183,287.76,267.1100197527817,41.3,2.54,5.6000000000000005,2.4
80,306.65,2020-04-09 10:05:00+05:30,306.65,305.0,305.15,192,78.31285247701997,301.8214285714286,1.1624145757714075,311.0981250023196,288.945,266.7918749976804,44.31,3.01,5.8,2.9000000000000004
81,301.65,2020-04-09 10:15:00+05:30,307.55,301.65,306.65,2810,66.86516440008725,304.77142857142866,-11.447688076932721,312.5431327206541,289.87,267.1968672793459,45.35,1.04,5.1,3.0999999999999996
82,303.75,2020-04-09 10:25:00+05:30,303.75,301.65,301.65,6,68.92010051003308,304.5928571428572,2.054936109945828,314.15929733068634,290.88,267.60070266931365,46.56,1.21,5.2,3.5
83,303.6,2020-04-09 10:35:00+05:30,303.75,303.6,303.75,25,68.59287349703516,304.3857142857143,-0.32722701299792334,315.36933002020345,292.0925,268.8156699797965,46.55,-0.01,4.699999999999999,3.4000000000000004
84,300.1,2020-04-09 10:45:00+05:30,303.75,293.25,303.5,562,61.2815732248773,303.6857142857143,-7.311300272157858,315.85870663419126,293.13,270.4012933658087,45.46,-1.09,4.3,3.2
85,296.0,2020-04-09 10:55:00+05:30,300.85,295.25,300.1,345,54.017936591040566,302.40000000000003,-7.263636633836732,315.8912526703723,293.88749999999993,271.88374732962757,44.01,-1.45,4.2,2.9000000000000004
86,297.75,2020-04-09 11:05:00+05:30,297.75,295.6,296.0,4,56.39374735849394,301.35714285714283,2.3758107674533733,316.13269492608805,294.57499999999993,273.0173050739118,43.12,-0.89,4.4,2.8000000000000003
87,293.0,2020-04-09 11:15:00+05:30,298.35,293.0,297.75,324,48.994153354335964,299.40714285714284,-7.399594004157976,316.0155689763972,295.03,274.0444310236027,41.97,-1.15,4.3,2.6
88,295.0,2020-04-09 11:25:00+05:30,295.0,294.65,294.85,230,51.85845050719601,298.45714285714286,2.864297152860047,315.90784428912366,295.585,275.2621557108763,40.65,-1.32,4.2,2.3
89,294.95,2020-04-09 11:35:00+05:30,295.0,294.95,295.0,199,51.78016412473538,297.19999999999993,-0.07828638246063235,315.7097379916035,296.1375,276.5652620083965,39.14,-1.51,4.2,1.9999999999999996
90,292.5,2020-04-09 11:45:00+05:30,295.0,292.5,295.0,12,47.95963657397755,295.6142857142857,-3.8205275507578307,315.0683473614087,296.70500000000004,278.34165263859137,36.73,-2.41,3.9000000000000004,1.5000000000000002
91,291.0,2020-04-09 11:55:00+05:30,292.5,290.55,292.5,361,45.73470991363575,294.3142857142857,-2.2249266603418008,314.26624879738534,297.20500000000004,280.14375120261474,34.12,-2.61,3.8,0.9999999999999998
92,289.85,2020-04-09 12:05:00+05:30,291.0,288.25,291.0,155,44.047562757467276,293.43571428571425,-1.6871471561684714,313.3435429139914,297.64750000000004,281.95145708600865,31.39,-2.73,3.7,0.39999999999999925
93,287.3,2020-04-09 12:15:00+05:30,289.85,287.25,289.85,4,40.48148737105286,291.9428571428571,-3.5660753864144183,312.4686398941773,297.96000000000004,283.4513601058228,29.02,-2.37,3.9000000000000004,-0.10000000000000009
94,287.3,2020-04-09 12:25:00+05:30,287.3,287.3,287.3,0,40.48148737105286,291.12857142857143,0.0,311.4450417615118,298.27500000000003,285.1049582384883,26.34,-2.68,3.8,-0.5999999999999994
95,289.9,2020-04-09 12:35:00+05:30,289.9,287.3,287.3,52,45.68165889938472,290.40000000000003,5.200171528331865,310.7976186831338,297.52000000000004,284.2423813168663,26.56,0.22,4.8,-0.5999999999999994
96,290.5,2020-04-09 12:45:00+05:30,290.5,288.05,289.85,1342,46.83603037404659,289.76428571428573,1.1543714746618647,309.92659684751743,296.7925,283.6584031524826,26.27,-0.29,4.6000000000000005,-0.5999999999999994
97,290.0,2020-04-09 12:55:00+05:30,290.0,286.45,286.45,107,45.95947850917693,289.4071428571429,-0.8765518648696542,308.9136948899356,296.0425,283.17130511006445,25.74,-0.53,4.5,-0.6999999999999995
98,286.55,2020-04-09 13:05:00+05:30,290.0,286.55,290.0,156,40.34827199181349,288.77142857142866,-5.611206517363442,307.93259249003717,295.12,282.30740750996284,25.63,-0.11,4.699999999999999,-0.8000000000000007
99,286.6,2020-04-09 13:15:00+05:30,289.9,286.55,286.55,1574,40.461724213999176,288.30714285714294,0.11345222218568551,306.65151964279517,294.19750000000005,281.74348035720493,24.91,-0.72,4.5,-1.0000000000000009
100,290.0,2020-04-09 13:25:00+05:30,290.0,286.6,286.6,115,47.74035998920759,288.69285714285724,7.278635775208414,304.4667352839887,293.36500000000007,282.2632647160114,22.2,-2.71,3.7,-1.6000000000000003
101,289.95,2020-04-09 13:35:00+05:30,290.0,289.95,290.0,1668,47.648108121716795,289.07142857142867,-0.09225186749079484,303.25912210063285,292.7800000000001,282.3008778993673,20.96,-1.24,4.3,-1.8000000000000005
102,286.4,2020-04-09 13:45:00+05:30,289.95,286.4,289.95,25,41.51429947987727,288.5714285714286,-6.133808641839522,301.392888344254,291.9125,282.43211165574604,18.96,-2.0,4.0,-2.2
103,289.0,2020-04-09 13:55:00+05:30,289.85,286.4,286.4,43,46.90525534442763,288.35714285714295,5.390955864550357,298.9711067262903,291.1825,283.3938932737097,15.58,-3.38,3.5,-2.9
104,288.5,2020-04-09 14:05:00+05:30,289.8,286.6,286.6,122,46.026624300345205,288.1428571428572,-0.8786310440824252,297.23721531931807,290.6025,283.967784680682,13.27,-2.31,3.9000000000000004,-3.3999999999999995
105,289.3,2020-04-09 14:15:00+05:30,289.3,288.5,288.5,6,47.714238394542114,288.5357142857144,1.6876140941969098,296.4132965951899,290.26750000000004,284.1217034048102,12.29,-0.98,4.4,-3.5999999999999996
106,290.0,2020-04-09 14:25:00+05:30,290.0,288.5,288.5,592,49.21067639425867,289.0214285714287,1.4964379997165551,294.91654016583595,289.88,284.84345983416404,10.07,-2.22,3.9000000000000004,-4.1
107,290.0,2020-04-09 14:35:00+05:30,290.0,289.55,290.0,203,49.21067639425868,289.0214285714287,7.105427357601002e-15,294.54930329098516,289.73,284.91069670901487,9.64,-0.43,4.6000000000000005,-4.2
108,288.5,2020-04-09 14:45:00+05:30,290.0,288.5,290.0,85,45.942872257640516,288.81428571428586,-3.2678041366181603,293.558616053003,289.40500000000003,285.25138394699707,8.31,-1.33,4.2,-4.5
109,288.5,2020-04-09 14:55:00+05:30,290.0,288.5,290.0,140,45.942872257640516,289.1142857142858,0.0,292.3250258185843,289.08250000000004,285.83997418141576,6.49,-1.82,4.1,-4.9
110,290.0,2020-04-09 15:05:00+05:30,290.0,290.0,290.0,2000,49.80830327926776,289.2571428571429,3.865431021627245,291.81522728984646,288.95750000000004,286.0997727101536,5.72,-0.77,4.4,-5.0
111,288.05,2020-04-09 15:15:00+05:30,290.0,288.05,290.0,69,45.27579048527632,289.19285714285724,-4.532512793991444,291.52479377911726,288.81000000000006,286.09520622088286,5.43,-0.29,4.6000000000000005,-5.0
112,293.85,2020-04-09 15:25:00+05:30,293.85,288.05,288.05,653,57.62689167496093,289.84285714285727,12.351101189684613,292.5202256637575,289.01000000000005,285.4997743362426,7.02,1.59,5.300000000000001,-4.699999999999999
113,289.9,2020-04-13 09:15:00+05:30,300.0,289.9,300.0,207,49.44259724571578,289.82857142857154,-8.18429442924515,292.575357945033,289.14,285.704642054967,6.87,-0.15,4.699999999999999,-4.8
114,275.9,2020-04-13 09:25:00+05:30,289.9,265.2,289.9,1986,32.062062620327666,287.8142857142858,-17.380534625388115,295.39830024314267,288.57,281.7416997568573,13.66,6.79,7.199999999999999,-3.4000000000000004
115,272.25,2020-04-13 09:35:00+05:30,275.9,268.45,275.9,89,29.1818521806927,285.49285714285725,-2.880210439634965,297.6396949443579,287.6875,277.7353050556421,19.9,6.24,7.0,-2.0999999999999996
116,265.0,2020-04-13 09:45:00+05:30,273.95,259.65,272.25,906,24.478137614631336,282.1357142857144,-4.703714566061365,300.51564914440934,286.4125,272.3093508555907,28.21,8.31,7.7,-0.3999999999999998
117,270.0,2020-04-13 09:55:00+05:30,270.0,261.3,265.0,1023,32.552539972208535,279.2785714285715,8.074402357577199,301.1823538190329,285.4125,269.6426461809671,31.54,3.33,5.8999999999999995,0.30000000000000027
118,274.9,2020-04-13 10:05:00+05:30,275.0,270.0,270.0,175,39.39138573929841,277.40000000000015,6.838845767089872,301.2693750681576,284.83,268.39062493184235,32.88,1.34,5.2,0.4999999999999999
119,275.0,2020-04-13 10:15:00+05:30,275.1,274.8,274.9,22,39.52614959704784,274.707142857143,0.13476385774943367,301.2358764860688,284.24999999999994,267.2641235139311,33.97,1.09,5.1,0.7000000000000001
120,275.1,2020-04-13 10:25:00+05:30,275.1,274.95,275.0,155,39.670611286085766,272.59285714285727,0.1444616890379251,300.7342865722716,283.505,266.27571342772836,34.46,0.49,4.9,0.8000000000000002
121,280.1,2020-04-13 10:35:00+05:30,280.1,275.1,275.1,8185,46.54631851944657,273.19285714285724,6.8757072333608065,300.0278761732081,283.0125,265.9971238267919,34.03,-0.43,4.6000000000000005,0.8000000000000002
122,279.8,2020-04-13 10:45:00+05:30,280.1,275.5,280.1,1118,46.20604886646497,274.2714285714287,-0.34026965298160405,299.67724454368914,282.6825,265.68775545631087,33.99,-0.04,4.699999999999999,0.7000000000000001
123,279.85,2020-04-13 10:55:00+05:30,279.95,275.4,279.95,47,46.27654012885586,276.3928571428573,0.07049126239089532,298.99481938201046,282.225,265.4551806179896,33.54,-0.45,4.6000000000000005,0.6999999999999995
124,279.55,2020-04-13 11:05:00+05:30,279.85,276.0,279.85,36,45.887999088376645,277.75714285714304,-0.3885410404792182,298.31837361658967,281.77750000000003,265.2366263834104,33.08,-0.46,4.6000000000000005,0.4999999999999999
125,279.75,2020-04-13 11:15:00+05:30,279.75,279.55,279.55,16,46.212228933980505,278.45000000000016,0.3242298456038597,297.4738255084857,281.30000000000007,265.12617449151446,32.35,-0.73,4.5,0.3999999999999998
126,279.75,2020-04-13 11:25:00+05:30,279.75,279.75,279.75,10,46.212228933980505,279.12857142857155,0.0,296.4418209101477,280.7875,265.1331790898523,31.31,-1.04,4.4,0.19999999999999962
127,280.0,2020-04-13 11:35:00+05:30,280.0,279.85,279.85,156,46.67542639209551,279.8285714285716,0.4631974581150047,295.3297169068818,280.2875,265.24528309311825,30.08,-1.23,4.3,-0.10000000000000009
128,280.0,2020-04-13 11:45:00+05:30,280.0,275.5,280.0,2027,46.67542639209551,279.81428571428586,0.0,294.3995624340175,279.86250000000007,265.3254375659826,29.07,-1.01,4.4,-0.30000000000000027
129,280.0,2020-04-13 11:55:00+05:30,280.0,280.0,280.0,4,46.67542639209551,279.8428571428573,0.0,293.3968347375793,279.43750000000006,265.4781652624208,27.92,-1.15,4.3,-0.5000000000000004
130,279.95,2020-04-13 12:05:00+05:30,280.0,275.6,280.0,2416,46.575237000580884,279.85714285714306,-0.10018939151462547,291.98748917579366,278.93500000000006,265.88251082420646,26.1,-1.82,4.1,-0.8999999999999997
131,276.45,2020-04-13 12:15:00+05:30,279.95,275.0,279.95,1290,40.08837549308905,279.4142857142859,-6.486861507491831,290.7146073860314,278.355,265.99539261396865,24.72,-1.38,4.2,-1.1999999999999997
132,277.0,2020-04-13 12:25:00+05:30,277.0,273.25,276.5,589,41.4679731376955,279.02142857142877,1.3795976446064486,287.4930534600253,277.5125,267.5319465399747,19.96,-4.76,3.0,-2.2
133,275.0,2020-04-13 12:35:00+05:30,277.0,275.0,277.0,766,38.037852980828006,278.3428571428573,-3.4301201568674955,284.90986969257295,276.76750000000004,268.6251303074271,16.28,-3.68,3.4000000000000004,-2.9000000000000004
134,275.0,2020-04-13 12:45:00+05:30,275.0,275.0,275.0,3,38.037852980828006,277.62857142857166,0.0,284.89494890180634,276.7225,268.5500510981937,16.34,0.06,4.699999999999999,-2.9000000000000004
135,277.1,2020-04-13 12:55:00+05:30,277.95,275.05,277.95,250,43.7080895552271,277.2142857142859,5.670236574399091,284.8618414738528,276.96500000000003,269.0681585261473,15.79,-0.55,4.5,-3.0
136,275.25,2020-04-13 13:05:00+05:30,275.25,275.25,275.25,1,40.216552342590326,276.5357142857145,-3.4915372126367714,283.1108102356012,277.4775000000001,271.84418976439895,11.27,-4.52,3.1,-3.9999999999999996
137,278.25,2020-04-13 13:15:00+05:30,278.35,275.35,277.85,124,47.535588108974856,276.2928571428573,7.3190357663845305,282.29138734109114,277.89000000000004,273.48861265890895,8.8,-2.47,3.8,-4.5
138,278.25,2020-04-13 13:25:00+05:30,278.25,278.25,278.25,0,47.535588108974856,276.5500000000001,0.0,282.228739245369,278.05750000000006,273.8862607546311,8.34,-0.46,4.6000000000000005,-4.6000000000000005
139,278.25,2020-04-13 13:35:00+05:30,278.25,278.25,278.25,0,47.535588108974856,276.7285714285716,0.0,282.1350720904838,278.2200000000001,274.3049279095164,7.83,-0.51,4.5,-4.7
140,278.55,2020-04-13 13:45:00+05:30,278.55,278.0,278.25,21,48.32572323610634,277.2357142857145,0.7901351271314851,282.0223869055893,278.39250000000004,274.76261309441077,7.26,-0.57,4.5,-4.9
141,276.75,2020-04-13 13:55:00+05:30,279.0,276.75,278.45,17,44.04003882173611,277.4857142857145,-4.28568441437023,281.8322295828182,278.225,274.6177704171819,7.21,-0.05,4.699999999999999,-4.800000000000001
142,277.5,2020-04-13 14:05:00+05:30,278.75,276.6,276.75,261,46.18167381096497,277.5428571428574,2.141634989228862,281.65186986001237,278.11,274.56813013998766,7.08,-0.13,4.699999999999999,-4.800000000000001
143,277.45,2020-04-13 14:15:00+05:30,277.45,275.0,275.0,355,46.05513041365304,277.85714285714306,-0.1265433973119343,281.44521726028773,277.99,274.5347827397123,6.91,-0.17,4.699999999999999,-4.9
144,278.0,2020-04-13 14:25:00+05:30,278.3,276.55,277.45,85,47.75112375581529,277.8214285714288,1.6959933421622537,281.2890249965953,277.9125,274.53597500340476,6.75,-0.16,4.699999999999999,-4.9
145,278.0,2020-04-13 14:35:00+05:30,278.0,278.0,278.0,0,47.75112375581529,277.7857142857145,0.0,281.08988494195614,277.825,274.56011505804383,6.53,-0.22,4.6000000000000005,-5.0
146,278.2,2020-04-13 14:45:00+05:30,278.35,278.0,278.0,109,48.434826233943966,277.7785714285716,0.6837024781286729,280.8913285409256,277.7475,274.6036714590744,6.29,-0.24,4.6000000000000005,-5.0
147,277.0,2020-04-13 14:55:00+05:30,278.2,276.6,278.2,253,44.6588145910773,277.55714285714305,-3.7760116428666635,280.57044378299423,277.59749999999997,274.6245562170057,5.95,-0.34,4.6000000000000005,-5.1
148,276.5,2020-04-13 15:05:00+05:30,277.0,276.5,277.0,423,43.14934882976337,277.52142857142877,-1.5094657613139333,280.2059993122067,277.4225,274.6390006877933,5.57,-0.38,4.6000000000000005,-5.1
149,278.85,2020-04-13 15:15:00+05:30,278.85,276.5,276.5,954,51.454500871044104,277.7142857142859,8.305152041280735,279.9658298270891,277.365,274.7641701729109,5.2,-0.37,4.6000000000000005,-5.300000000000001
150,279.75,2020-04-13 15:25:00+05:30,279.75,276.5,278.85,119,54.213244507827866,278.0428571428573,2.7587436367837626,279.91520147233575,277.355,274.7947985276643,5.12,-0.08,4.699999999999999,-5.300000000000001
151,273.0,2020-04-15 09:15:00+05:30,284.05,271.7,284.05,45,37.15792729952959,277.3285714285716,-17.055317208298277,280.3840251299807,277.1825,273.9809748700193,6.4,1.28,5.2,-5.0
152,281.8,2020-04-15 09:25:00+05:30,282.0,276.05,282.0,98,56.41084131633023,277.87142857142874,19.252914016800638,281.2289315378888,277.4225,273.61606846211123,7.61,1.21,5.2,-4.699999999999999
153,281.55,2020-04-15 09:35:00+05:30,281.55,277.1,277.1,14,55.88700114868429,278.3500000000002,-0.5238401676459361,281.7982614852099,277.75000000000006,273.70173851479024,8.1,0.49,4.9,-4.7
154,279.0,2020-04-15 09:45:00+05:30,289.15,275.0,281.55,1479,50.71393118644248,278.6357142857145,-5.1730699622418115,281.81740767249386,277.95000000000005,274.08259232750623,7.73,-0.37,4.6000000000000005,-4.7
155,279.0,2020-04-15 09:55:00+05:30,279.0,279.0,279.0,136,50.71393118644248,278.99285714285736,0.0,281.9178338597549,278.045,274.1721661402451,7.75,0.02,4.699999999999999,-4.7
156,279.0,2020-04-15 10:05:00+05:30,279.0,276.0,277.3,181,50.71393118644248,279.01428571428596,0.0,281.8928530172002,278.2325,274.57214698279984,7.32,-0.43,4.6000000000000005,-4.800000000000001
157,278.0,2020-04-15 10:15:00+05:30,279.15,276.05,279.0,624,48.51443897308327,278.76428571428596,-2.199492213359207,281.8818085839191,278.22,274.55819141608094,7.32,0.0,4.699999999999999,-4.800000000000001
158,280.05,2020-04-15 10:25:00+05:30,280.1,278.0,278.0,40,53.013357318770204,279.7714285714288,4.498918345686931,282.0622765019877,278.31000000000006,274.5577234980124,7.5,0.18,4.8,-4.7
159,281.25,2020-04-15 10:35:00+05:30,283.3,280.05,280.05,132,55.46649330719202,279.6928571428574,2.4531359884218134,282.4353980270766,278.46000000000004,274.4846019729235,7.95,0.45,4.9,-4.7
160,284.75,2020-04-15 10:45:00+05:30,285.0,281.15,284.15,261,61.74066138730721,280.1500000000003,6.274168080115196,283.6410098380218,278.77000000000004,273.8989901619783,9.74,1.79,5.4,-4.3
161,286.4,2020-04-15 10:55:00+05:30,287.0,284.75,284.75,481,64.2945631567479,281.20714285714314,2.553901769440685,285.0957574729114,279.2525,273.4092425270886,11.69,1.95,5.4,-3.9000000000000004
162,285.8,2020-04-15 11:05:00+05:30,286.4,284.2,286.4,62,62.656668302623565,282.17857142857173,-1.6378948541243332,286.13257011400066,279.6675,273.2024298859994,12.93,1.24,5.2,-3.7
163,285.6,2020-04-15 11:15:00+05:30,285.8,284.25,285.8,158,62.08887665498818,283.1214285714289,-0.5677916476353886,286.96500038194154,280.07500000000005,273.18499961805855,13.78,0.85,5.0,-3.5
164,284.9,2020-04-15 11:25:00+05:30,285.6,284.9,285.6,10,60.03817760350624,284.1071428571432,-2.050699051481935,287.55902543842797,280.42,273.28097456157207,14.28,0.5,4.9,-3.3999999999999995
165,284.8,2020-04-15 11:35:00+05:30,284.9,284.8,284.9,69,59.73464798210648,284.7857142857146,-0.30352962139976114,288.0596467109894,280.76000000000005,273.4603532890107,14.6,0.32,4.8,-3.3
166,285.05,2020-04-15 11:45:00+05:30,285.15,284.0,284.8,107,60.27535044236626,285.32857142857176,0.5407024602597801,288.5379396748201,281.1025000000001,273.66706032518005,14.87,0.27,4.8,-3.2
167,284.45,2020-04-15 11:55:00+05:30,285.05,284.45,285.05,348,58.2535190456155,285.2857142857146,-2.0218313967507626,288.79055660363895,281.475,274.1594433963611,14.63,-0.24,4.6000000000000005,-3.2
168,284.9,2020-04-15 12:05:00+05:30,284.95,284.9,284.95,50,59.35470686560703,285.0714285714289,1.1011878199915301,288.96844180349,281.89500000000004,274.82155819651007,14.15,-0.48,4.6000000000000005,-3.4000000000000004
169,284.9,2020-04-15 12:15:00+05:30,284.9,284.9,284.9,0,59.35470686560703,284.94285714285746,0.0,289.24003804428867,282.1975,275.1549619557113,14.09,-0.06,4.699999999999999,-3.3000000000000003
170,283.65,2020-04-15 12:25:00+05:30,284.9,281.25,284.9,78,54.70588957870812,284.66428571428605,-4.648817286898911,289.3653250712085,282.3925,275.4196749287915,13.95,-0.14,4.699999999999999,-3.4000000000000004
171,283.65,2020-04-15 12:35:00+05:30,283.65,283.65,283.65,5,54.705889578708124,284.4857142857146,7.105427357601002e-15,288.3274848084239,282.92499999999995,277.522515191576,10.8,-3.15,3.5999999999999996,-3.9999999999999996
172,281.0,2020-04-15 12:45:00+05:30,283.65,281.0,283.65,165,45.872200411697094,283.94285714285746,-8.83368916701103,288.3342008105475,282.88499999999993,277.4357991894524,10.9,0.1,4.8,-3.9999999999999996
173,276.85,2020-04-15 12:55:00+05:30,282.7,276.85,281.0,675,36.05370687311066,282.77142857142894,-9.81849353858643,288.71248168743745,282.65,276.5875183125625,12.12,1.22,5.2,-3.7000000000000006
174,271.1,2020-04-15 13:05:00+05:30,276.85,270.1,276.85,904,27.326371196380748,280.8642857142861,-8.727335676729915,290.0893306569288,282.255,274.4206693430712,15.67,3.55,6.0,-3.0000000000000004
175,274.3,2020-04-15 13:15:00+05:30,274.7,271.1,271.1,76,36.533850000536475,279.35000000000036,9.207478804155727,290.5191888157815,282.02,273.5208111842185,17.0,1.33,5.2,-2.7
176,274.0,2020-04-15 13:25:00+05:30,274.5,274.0,274.5,52,36.07243123241453,277.7928571428575,-0.4614187681219448,290.91298120216527,281.77,272.6270187978347,18.29,1.29,5.2,-2.4999999999999996
177,272.35,2020-04-15 13:35:00+05:30,275.55,272.3,274.7,234,33.56174887714367,276.17857142857173,-2.510682355270859,291.43472256924497,281.4875,271.54027743075505,19.89,1.6,5.300000000000001,-2.2
178,272.35,2020-04-15 13:45:00+05:30,272.35,272.35,272.35,0,33.56174887714366,274.56428571428603,-1.4210854715202004e-14,291.8479996699961,281.1025,270.3570003300039,21.49,1.6,5.300000000000001,-1.9
179,275.1,2020-04-15 13:55:00+05:30,275.1,273.8,273.8,301,41.440091469428786,273.7214285714289,7.878342592285129,291.86967000815224,280.795,269.7203299918478,22.15,0.66,5.0,-1.7999999999999998
180,271.65,2020-04-15 14:05:00+05:30,275.1,271.65,275.1,189,35.717771823482565,272.97857142857174,-5.7223196459462216,291.76563410834206,280.14,268.5143658916579,23.25,1.1,5.1,-1.5000000000000002
181,264.9,2020-04-15 14:15:00+05:30,271.65,261.05,271.65,1123,27.66778511305597,272.0928571428575,-8.049986710426595,292.1392454748578,279.065,265.9907545251422,26.15,2.9,5.8,-0.8999999999999997
182,262.7,2020-04-15 14:25:00+05:30,264.9,255.05,264.9,1860,25.639521878321744,270.4357142857146,-2.0282632347342258,292.4754096370386,277.90999999999997,263.34459036296136,29.13,2.98,5.8,-0.2999999999999997
183,266.1,2020-04-15 14:35:00+05:30,269.55,262.6,262.7,751,33.72557869116122,269.3071428571432,8.086056812839473,291.93707354089156,276.935,261.93292645910844,30.0,0.87,5.0,-0.10000000000000009
184,271.7,2020-04-15 14:45:00+05:30,272.0,266.1,266.1,869,44.44169452718614,269.21428571428606,10.716115836024919,290.95973966222664,276.275,261.5902603377733,29.37,-0.63,4.5,-0.3
185,269.9,2020-04-15 14:55:00+05:30,273.95,269.9,271.7,274,42.086106354838456,268.86428571428604,-2.35558817234768,289.9022100267369,275.53,261.15778997326305,28.74,-0.63,4.5,-0.4000000000000001
186,280.0,2020-04-15 15:05:00+05:30,280.1,269.9,269.9,1515,56.13544877749022,269.5642857142861,14.049342422651762,289.11290367090345,275.2775,261.4420963290965,27.67,-1.07,4.3,-0.6
187,303.0,2020-04-15 15:15:00+05:30,311.95,273.65,280.0,3721,72.49747175864937,274.0428571428575,16.36202298115915,294.4225999343609,276.205,257.98740006563906,36.44,8.77,7.9,1.2
188,298.0,2020-04-15 15:25:00+05:30,309.95,292.55,303.0,755,66.67492856944799,278.7714285714289,-5.822543189201383,297.21098859618644,276.86,256.5090114038136,40.7,4.26,6.3,2.1
189,311.3,2020-04-16 09:15:00+05:30,316.0,302.0,302.0,7771,72.90794329724115,285.71428571428606,6.233014727793162,303.535979259546,278.18,252.824020740454,50.71,10.01,8.4,4.1000000000000005
190,307.95,2020-04-16 09:25:00+05:30,313.9,306.05,311.3,2135,69.3875864019749,291.6928571428575,-3.5203568952662465,307.9780442929481,279.39500000000004,250.811955707052,57.17,6.46,7.1,5.499999999999999
191,307.95,2020-04-16 09:35:00+05:30,311.3,301.95,307.95,3629,69.3875864019749,296.87142857142896,0.0,311.8929632463691,280.61,249.3270367536309,62.57,5.4,6.7,6.6000000000000005
192,307.5,2020-04-16 09:45:00+05:30,308.0,305.5,307.95,637,68.86953118962438,302.24285714285753,-0.518055212350518,315.4525382213708,281.93500000000006,248.41746177862933,67.04,4.47,6.3,7.6
193,304.5,2020-04-16 09:55:00+05:30,307.5,302.0,307.5,1638,65.36574262830757,305.74285714285753,-3.50378856131681,318.2048868777512,283.3175,248.43011312224877,69.77,2.73,5.699999999999999,8.100000000000001
194,303.4,2020-04-16 10:05:00+05:30,304.65,303.25,304.5,648,64.07844537010604,305.80000000000035,-1.2872972582015336,320.4237631947341,284.9325,249.44123680526593,70.98,1.21,5.2,8.4
195,302.0,2020-04-16 10:15:00+05:30,304.2,302.0,303.4,1835,62.39424706179113,306.37142857142896,-1.6841983083149117,322.2212496209253,286.3175,250.41375037907468,71.81,0.83,5.0,8.6
196,301.95,2020-04-16 10:25:00+05:30,302.0,300.2,302.0,953,62.33123645611371,305.0357142857146,-0.06301060567741956,323.7755353610606,287.715,251.65446463893937,72.12,0.31,4.8,8.700000000000001
197,301.95,2020-04-16 10:35:00+05:30,302.0,301.1,301.95,506,62.33123645611371,304.17857142857173,0.0,325.0293102274017,289.19499999999994,253.3606897725982,71.67,-0.45,4.6000000000000005,8.6
198,300.25,2020-04-16 10:45:00+05:30,301.95,300.25,301.95,625,59.94417089331759,303.07857142857176,-2.387065562796117,325.8305358702309,290.5899999999999,255.34946412976893,70.48,-1.19,4.3,8.4
199,301.0,2020-04-16 10:55:00+05:30,301.0,300.25,300.25,903,60.65996864920166,302.1500000000004,0.7157977558840685,326.6288461040979,291.8849999999999,257.1411538959019,69.49,-0.99,4.4,8.2
200,301.0,2020-04-16 11:05:00+05:30,301.0,300.45,301.0,185,60.65996864920166,301.6500000000004,0.0,326.9584123087774,293.3524999999999,259.74658769122243,67.21,-2.28,3.9000000000000004,7.7
201,300.0,2020-04-16 11:15:00+05:30,301.5,300.0,301.0,1358,59.02880804428026,301.16428571428605,-1.6311606049213978,326.01480240744473,295.10749999999996,264.2001975925552,61.81,-5.4,2.8000000000000003,6.6
202,299.45,2020-04-16 11:25:00+05:30,300.95,299.45,300.0,615,58.10337862393648,300.8000000000003,-0.9254294203437823,323.8505834549746,296.94499999999994,270.0394165450253,53.81,-8.0,1.7999999999999998,5.0
203,300.5,2020-04-16 11:35:00+05:30,300.9,298.15,299.45,548,59.41163289434218,300.5928571428575,1.3082542704057047,321.33253068528614,298.6649999999999,275.99746931471367,45.34,-8.47,1.7000000000000002,3.3
204,300.95,2020-04-16 11:45:00+05:30,300.95,299.05,300.55,182,59.98827759358842,300.45000000000033,0.5766446992462377,318.91138096774716,300.12749999999994,281.3436190322527,37.57,-7.77,1.9,1.6999999999999993
205,301.0,2020-04-16 11:55:00+05:30,301.0,300.0,300.95,253,60.05618208045276,300.5571428571432,0.06790448686433592,313.9485110188992,301.68249999999995,289.4164889811007,24.53,-13.04,0.0,-0.9999999999999998
206,301.0,2020-04-16 12:05:00+05:30,301.0,300.3,301.0,50,60.05618208045275,300.5571428571432,-7.105427357601002e-15,309.5834910923409,302.73249999999996,295.881508907659,13.7,-10.83,0.8,-3.1999999999999993
207,300.75,2020-04-16 12:15:00+05:30,301.0,300.05,301.0,177,59.47091350649825,300.5214285714289,-0.5852685739545009,309.5261681050133,302.61999999999995,295.7138318949866,13.81,0.11,4.8,-3.1999999999999993
208,300.85,2020-04-16 12:25:00+05:30,300.85,300.75,300.75,25,59.640343238743824,300.64285714285745,0.16942973224557534,309.378817547904,302.76249999999993,296.14618245209584,13.23,-0.58,4.5,-3.1999999999999993
209,300.75,2020-04-16 12:35:00+05:30,300.85,300.0,300.85,49,59.3730445598519,300.82857142857176,-0.26729867889192604,307.53704528559433,302.23499999999996,296.9329547144056,10.6,-2.63,3.8,-3.8
210,299.05,2020-04-16 12:45:00+05:30,300.95,299.05,300.75,299,54.87077611560469,300.62142857142896,-4.502268444247207,306.537364920056,301.78999999999996,297.0426350799439,9.49,-1.11,4.3,-4.0
211,299.85,2020-04-16 12:55:00+05:30,300.0,299.05,299.05,358,56.540899469485204,300.4642857142861,1.6701233538805127,305.2126143456357,301.385,297.5573856543643,7.66,-1.83,4.1,-4.3999999999999995
212,298.5,2020-04-16 13:05:00+05:30,300.0,298.15,299.85,646,52.97791437012508,300.10714285714323,-3.5629850993601266,303.705920424691,300.935,298.164079575309,5.54,-2.12,4.0,-4.8
213,299.75,2020-04-16 13:15:00+05:30,299.95,293.05,299.95,2588,55.75793254059981,299.92857142857184,2.780018170474733,302.94705551164446,300.6975,298.4479444883555,4.5,-1.04,4.4,-5.1
214,297.9,2020-04-16 13:25:00+05:30,299.75,296.05,299.75,347,50.95628878678561,299.521428571429,-4.801643753814197,302.6252435046639,300.4225,298.2197564953361,4.41,-0.09,4.699999999999999,-5.2
215,297.7,2020-04-16 13:35:00+05:30,297.9,295.2,297.9,115,50.45047405328008,299.07142857142895,-0.505814733505531,302.59370487053843,300.2075,297.82129512946153,4.77,0.36,4.9,-5.1
216,298.95,2020-04-16 13:45:00+05:30,299.1,298.15,299.1,133,53.55367395227561,298.8142857142861,3.103199898995527,302.35813492379884,300.0575,297.75686507620117,4.6,-0.17,4.699999999999999,-5.1
217,298.95,2020-04-16 13:55:00+05:30,299.65,298.95,298.95,77,53.55367395227561,298.8000000000003,0.0,302.0760005733948,299.90749999999997,297.7389994266051,4.34,-0.26,4.6000000000000005,-5.2
218,298.2,2020-04-16 14:05:00+05:30,298.95,298.2,298.95,18,51.3172494765963,298.56428571428603,-2.236424475679307,302.0956905417071,299.80499999999995,297.5143094582928,4.58,0.24,4.8,-5.1
219,298.95,2020-04-16 14:15:00+05:30,299.75,297.5,298.2,873,53.41242196608667,298.6285714285717,2.0951724894903663,301.95111945950316,299.7025,297.4538805404968,4.5,-0.08,4.699999999999999,-5.1
220,299.0,2020-04-16 14:25:00+05:30,299.75,298.95,298.95,284,53.55592741612595,298.5214285714288,0.14350545003927806,301.78508055858407,299.60249999999996,297.41991944141586,4.37,-0.13,4.699999999999999,-5.2
221,299.1,2020-04-16 14:35:00+05:30,299.75,299.1,299.75,841,53.862033100107105,298.6928571428574,0.30610568398115845,301.7426833597577,299.5575,297.37231664024233,4.37,0.0,4.699999999999999,-5.2
222,298.95,2020-04-16 14:45:00+05:30,299.1,298.05,299.1,119,53.29461863884799,298.8714285714288,-0.5674144612591121,301.7342397427283,299.53249999999997,297.33076025727166,4.4,0.03,4.699999999999999,-5.2
223,296.25,2020-04-16 14:55:00+05:30,299.75,295.45,298.95,816,44.25695150459689,298.48571428571455,-9.037667134251102,301.9140011767993,299.32,296.7259988232007,5.19,0.79,5.0,-5.0
224,298.95,2020-04-16 15:05:00+05:30,299.75,296.25,296.25,3310,52.86494088292372,298.48571428571455,8.607989378326828,301.7011712005198,299.21999999999997,296.73882879948013,4.96,-0.23,4.6000000000000005,-5.1
225,299.7,2020-04-16 15:15:00+05:30,299.7,296.4,296.4,3309,54.94619295804037,298.7000000000003,2.0812520751166517,301.504445623294,299.155,296.80555437670597,4.7,-0.26,4.6000000000000005,-5.1
226,299.0,2020-04-16 15:25:00+05:30,299.7,297.85,299.7,366,52.611227180140105,298.70714285714314,-2.3349657779002655,301.2381652540037,299.05499999999995,296.8718347459962,4.37,-0.33,4.6000000000000005,-5.2
227,301.7,2020-04-17 09:15:00+05:30,308.0,273.95,308.0,1086,59.72122648384174,299.09285714285744,7.109999303701635,301.4741472179245,299.10249999999996,296.73085278207543,4.74,0.37,4.9,-5.1
228,300.0,2020-04-17 09:25:00+05:30,301.7,299.0,301.7,351,54.20659997527503,299.2214285714289,-5.514626508566707,301.3279923883597,299.05999999999995,296.7920076116402,4.54,-0.2,4.699999999999999,-5.1
229,300.0,2020-04-17 09:35:00+05:30,300.0,299.05,300.0,219,54.20659997527503,299.3714285714289,0.0,301.19565560030367,299.0224999999999,296.8493443996962,4.35,-0.19,4.699999999999999,-5.2
230,309.0,2020-04-17 09:45:00+05:30,312.15,299.0,299.3,6262,70.77559137332753,301.19285714285746,16.568991398052496,304.48369980855466,299.5199999999999,294.5563001914452,9.93,5.58,6.800000000000001,-4.0
231,315.0,2020-04-17 09:55:00+05:30,317.0,302.85,309.0,3305,76.80176400969505,303.4857142857146,6.026172636367519,308.80087189268556,300.2774999999999,291.7541281073143,17.05,7.12,7.3,-2.6
232,311.0,2020-04-17 10:05:00+05:30,316.15,310.1,315.0,7664,66.89795803644009,305.10000000000036,-9.903805973254961,310.62580217894754,300.9024999999999,291.1791978210523,19.45,2.4,5.6000000000000005,-1.9999999999999996
233,309.0,2020-04-17 10:15:00+05:30,312.0,309.0,311.0,1044,62.55442010582724,306.5285714285718,-4.343537930612847,311.7171215725376,301.3649999999999,291.01287842746217,20.7,1.25,5.2,-1.6999999999999993
234,303.1,2020-04-17 10:25:00+05:30,309.0,303.1,309.0,866,51.85769847022515,306.7285714285718,-10.696721635602088,311.8713600725726,301.62499999999994,291.3786399274273,20.49,-0.21,4.699999999999999,-1.7999999999999994
235,304.0,2020-04-17 10:35:00+05:30,304.0,302.05,303.1,402,53.17311454830768,307.30000000000035,1.315416078082528,312.0649353474203,301.93999999999994,291.81506465257957,20.25,-0.24,4.6000000000000005,-1.8999999999999995
236,304.4,2020-04-17 10:45:00+05:30,304.45,302.2,303.7,407,53.777607008293344,307.92857142857184,0.6044924599856643,312.2918627095936,302.2125,292.13313729040635,20.16,-0.09,4.699999999999999,-1.8000000000000005
237,304.4,2020-04-17 10:55:00+05:30,304.4,302.3,304.4,31,53.777607008293344,307.271428571429,0.0,312.4873734025569,302.48499999999996,292.482626597443,20.0,-0.16,4.699999999999999,-1.9000000000000006
238,302.3,2020-04-17 11:05:00+05:30,304.0,302.3,302.3,26,49.85869767624311,305.4571428571433,-3.9189093320502337,312.48858206713004,302.68999999999994,292.89141793286984,19.6,-0.4,4.6000000000000005,-2.000000000000001
239,304.25,2020-04-17 11:15:00+05:30,304.3,302.35,302.35,25,53.264435666360285,304.4928571428576,3.4057379901171743,312.61336970006454,302.955,293.29663029993543,19.32,-0.28,4.6000000000000005,-2.000000000000001
240,302.3,2020-04-17 11:25:00+05:30,304.25,302.3,304.25,101,49.633837671568884,303.53571428571473,-3.630597994791401,312.6050796961371,303.12,293.6349203038629,18.97,-0.35,4.6000000000000005,-2.1000000000000005
241,302.65,2020-04-17 11:35:00+05:30,302.65,302.3,302.3,260,50.28879534893541,303.47142857142904,0.6549576773665251,312.5968760401872,303.29749999999996,293.9981239598127,18.6,-0.37,4.6000000000000005,-2.200000000000001
242,304.5,2020-04-17 11:45:00+05:30,304.5,303.15,303.15,70,53.71492442843153,303.5428571428576,3.426129079496121,312.6568210555029,303.57499999999993,294.49317894449695,18.16,-0.44,4.6000000000000005,-2.200000000000001
243,300.0,2020-04-17 11:55:00+05:30,304.5,299.05,304.5,1187,45.500276767638546,302.91428571428617,-8.214647660792984,312.34889529782384,303.76249999999993,295.176104702176,17.17,-0.99,4.4,-2.4000000000000012
244,299.0,2020-04-17 12:05:00+05:30,300.0,298.95,300.0,461,43.89381829782584,302.1428571428576,-1.6064584698127078,312.3455226193408,303.765,295.1844773806592,17.16,-0.01,4.699999999999999,-2.4000000000000012
245,298.3,2020-04-17 12:15:00+05:30,299.0,297.0,299.0,743,42.75584089062156,301.571428571429,-1.137977407204275,312.4364860834606,303.695,294.9535139165394,17.48,0.32,4.8,-2.4000000000000012
246,298.35,2020-04-17 12:25:00+05:30,298.35,298.3,298.3,10,42.869774764032435,300.72857142857185,0.11393387341087191,312.4819685959958,303.6625,294.84303140400425,17.64,0.16,4.8,-2.4000000000000012
247,298.5,2020-04-17 12:35:00+05:30,298.75,291.0,296.0,1310,43.23478906179916,300.1857142857147,0.3650142977667272,312.5840877930058,303.5025,294.4209122069942,18.16,0.52,4.9,-2.3000000000000007
248,296.95,2020-04-17 12:45:00+05:30,298.5,293.65,298.5,106,40.364851665136385,299.37142857142896,-2.8699373966627775,312.77516229093663,303.35,293.9248377090634,18.85,0.69,5.0,-2.1000000000000005
249,299.1,2020-04-17 12:55:00+05:30,299.1,296.2,296.95,167,45.74472998698544,298.60000000000036,5.379878321849056,312.80579775043674,303.305,293.8042022495633,19.0,0.15,4.8,-2.1000000000000005
250,299.1,2020-04-17 13:05:00+05:30,300.95,299.1,299.1,27,45.74472998698544,298.47142857142893,0.0,312.09051722696364,302.81000000000006,293.5294827730365,18.56,-0.44,4.6000000000000005,-2.1999999999999997
251,299.1,2020-04-17 13:15:00+05:30,299.1,299.1,299.1,26,45.74472998698544,298.4857142857146,0.0,309.4366681342341,302.01500000000004,294.593331865766,14.84,-3.72,3.4000000000000004,-2.9000000000000004
252,298.05,2020-04-17 13:25:00+05:30,300.95,295.25,299.1,162,43.35882813333752,298.45000000000033,-2.3859018536479226,307.6627174829678,301.36750000000006,295.0722825170323,12.59,-2.25,3.9000000000000004,-3.400000000000001
253,296.5,2020-04-17 13:35:00+05:30,299.2,296.5,299.2,91,40.03895616558959,298.18571428571465,-3.319871967747929,306.28404405615305,300.74250000000006,295.2009559438471,11.08,-1.51,4.2,-3.799999999999999
254,296.5,2020-04-17 13:45:00+05:30,296.5,296.5,296.5,31,40.03895616558959,297.9000000000004,0.0,306.1456790574892,300.4125,294.67932094251086,11.47,0.39,4.9,-3.5999999999999996
255,298.95,2020-04-17 13:55:00+05:30,298.95,296.0,296.0,45,47.4192600719749,298.18571428571465,7.380303906385308,305.6683286222316,300.16,294.6516713777684,11.02,-0.45,4.6000000000000005,-3.7
256,300.75,2020-04-17 14:05:00+05:30,300.75,296.65,298.9,68,52.08546142426589,298.4214285714289,4.66620135229099,305.1243411364818,299.9775000000001,294.83065886351835,10.29,-0.73,4.5,-3.9000000000000004
257,303.0,2020-04-17 14:15:00+05:30,303.0,298.1,300.75,140,57.19861987581162,298.9785714285718,5.113158451545736,304.8344692830137,299.9075000000001,294.9805307169865,9.85,-0.44,4.6000000000000005,-4.0
258,303.75,2020-04-17 14:25:00+05:30,303.95,300.45,303.0,247,58.777747002913706,299.6428571428575,1.5791271271020833,305.09431427723075,299.9800000000001,294.8656857227694,10.23,0.38,4.9,-3.9000000000000004
259,301.35,2020-04-17 14:35:00+05:30,301.35,301.0,301.0,103,52.147530235215854,300.11428571428604,-6.630216767697853,304.59150247444956,299.8350000000001,295.07849752555063,9.51,-0.72,4.5,-4.1000000000000005
260,302.15,2020-04-17 14:45:00+05:30,303.8,301.35,301.35,116,54.0098038195905,300.9214285714289,1.8622735843746483,304.5680834639755,299.82750000000004,295.0869165360246,9.48,-0.03,4.699999999999999,-4.1000000000000005
261,303.85,2020-04-17 14:55:00+05:30,303.9,302.15,302.15,71,57.77074199198606,301.97142857142893,3.760938172395555,304.8055521390156,299.8875000000001,294.9694478609846,9.84,0.36,4.9,-4.0
262,303.55,2020-04-17 15:05:00+05:30,304.0,302.3,303.85,56,56.886648294041336,302.62857142857183,-0.8840936979447207,304.5858125586749,299.8400000000001,295.0941874413253,9.49,-0.35,4.6000000000000005,-4.1000000000000005
263,302.4,2020-04-17 15:15:00+05:30,304.0,302.3,303.55,610,53.50633595765749,302.86428571428615,-3.380312336383845,304.84225573404365,299.9600000000001,295.07774426595654,9.76,0.27,4.8,-4.0
264,303.7,2020-04-17 15:25:00+05:30,303.9,302.0,302.4,553,56.64278379734905,302.9642857142861,3.136447839691556,305.3286762245897,300.19500000000005,295.0613237754104,10.27,0.51,4.9,-3.9000000000000004
265,296.45,2020-04-20 09:15:00+05:30,310.0,290.05,290.05,888,40.31063645947403,301.9214285714289,-16.332147337875014,305.4424659963408,300.1025000000001,294.76253400365937,10.68,0.41,4.9,-3.9000000000000004
266,299.45,2020-04-20 09:25:00+05:30,300.75,293.3,296.45,256,47.106836785129836,301.6500000000004,6.7962003256558035,305.4438553258884,300.1575,294.87114467411163,10.57,-0.11,4.699999999999999,-3.9000000000000004
267,293.3,2020-04-20 09:35:00+05:30,299.45,293.3,299.45,723,37.64431022015916,300.38571428571464,-9.462526564970673,305.97883252364386,299.89750000000004,293.8161674763562,12.16,1.59,5.300000000000001,-3.5999999999999996
268,295.5,2020-04-20 09:45:00+05:30,297.1,291.65,291.65,700,42.12310000593723,299.1928571428575,4.478789785778069,306.08620049023494,299.82500000000005,293.56379950976515,12.52,0.36,4.9,-3.3999999999999995
269,295.0,2020-04-20 09:55:00+05:30,295.9,292.85,295.5,362,41.395373153855665,297.97142857142893,-0.7277268520815667,306.23938143078993,299.62,293.0006185692101,13.24,0.72,5.0,-3.3
270,295.85,2020-04-20 10:05:00+05:30,295.85,291.65,295.0,631,43.19213351768152,297.0357142857146,1.7967603638258538,306.2868696249109,299.45750000000004,292.6281303750892,13.66,0.42,4.9,-3.1999999999999993
271,295.1,2020-04-20 10:15:00+05:30,295.85,292.65,295.85,364,41.969437703862944,295.8071428571432,-1.222695813818575,306.3597809531033,299.25750000000005,292.1552190468968,14.2,0.54,4.9,-3.0999999999999996
272,295.6,2020-04-20 10:25:00+05:30,295.9,293.8,295.1,81,43.12535272884101,295.68571428571465,1.1559150249780643,306.4074498152797,299.13500000000005,291.8625501847204,14.54,0.34,4.9,-3.0999999999999996
273,295.6,2020-04-20 10:35:00+05:30,296.25,294.5,295.75,132,43.125352728841,295.13571428571464,-7.105427357601002e-15,306.4418060795665,299.09000000000003,291.73819392043356,14.7,0.16,4.8,-3.0999999999999996
274,295.6,2020-04-20 10:45:00+05:30,296.25,295.6,296.25,118,43.12535272884101,295.46428571428606,7.105427357601002e-15,306.4741672693352,299.0450000000001,291.6158327306649,14.86,0.16,4.8,-2.999999999999999
275,297.95,2020-04-20 10:55:00+05:30,298.05,295.55,296.9,433,49.07942788975993,295.81428571428603,5.954075160918919,306.4403022984807,298.99500000000006,291.54969770151945,14.89,0.03,4.699999999999999,-2.999999999999999
276,297.5,2020-04-20 11:05:00+05:30,298.0,297.5,297.95,166,48.042261641575465,296.17142857142886,-1.0371662481844623,306.2583634089508,298.8325000000001,291.4066365910494,14.85,-0.04,4.699999999999999,-2.999999999999999
277,298.0,2020-04-20 11:15:00+05:30,298.0,297.5,297.5,52,49.32369492409504,296.47857142857174,1.281433282519572,305.7497702724167,298.5825000000001,291.4152297275835,14.33,-0.52,4.5,-3.0999999999999996
278,297.75,2020-04-20 11:25:00+05:30,298.0,295.1,298.0,181,48.677257412429555,296.8571428571432,-0.6464375116654821,305.02898251430054,298.2825000000001,291.53601748569963,13.49,-0.84,4.4,-3.3
279,297.75,2020-04-20 11:35:00+05:30,297.75,297.75,297.75,0,48.67725741242955,297.16428571428605,-7.105427357601002e-15,304.6947182992705,298.1025000000001,291.51028170072965,13.18,-0.31,4.6000000000000005,-3.3
280,297.75,2020-04-20 11:45:00+05:30,297.75,297.75,297.75,0,48.67725741242955,297.47142857142893,0.0,304.1936659611713,297.88250000000005,291.5713340388288,12.62,-0.56,4.5,-3.3999999999999995
281,297.35,2020-04-20 11:55:00+05:30,297.35,297.35,297.35,10,47.434909997553405,297.72142857142893,-1.2423474148761429,303.2098190396765,297.55750000000006,291.9051809603236,11.3,-1.32,4.2,-3.7
282,297.0,2020-04-20 12:05:00+05:30,297.0,296.05,297.0,5,46.32090602032965,297.5857142857147,-1.1140039772237529,302.1292373198044,297.2300000000001,292.33076268019573,9.8,-1.5,4.2,-4.1000000000000005
283,298.0,2020-04-20 12:15:00+05:30,298.0,296.05,297.0,333,49.93841715450192,297.65714285714324,3.6175111341722683,301.2874315953159,297.0100000000001,292.7325684046843,8.55,-1.25,4.3,-4.4
284,295.85,2020-04-20 12:25:00+05:30,297.9,295.0,297.9,783,43.19793679662063,297.35000000000036,-6.740480357881289,299.53446940784295,296.6175000000001,293.7005305921573,5.83,-2.72,3.7,-4.9
285,295.85,2020-04-20 12:35:00+05:30,295.9,295.85,295.85,65,43.19793679662063,297.07857142857176,0.0,299.5239989895734,296.58750000000015,293.6510010104269,5.87,0.04,4.699999999999999,-4.800000000000001
286,297.9,2020-04-20 12:45:00+05:30,297.9,295.05,295.85,195,50.57505936022562,297.10000000000036,7.377122563604992,299.1998640153414,296.5100000000001,293.8201359846588,5.38,-0.49,4.6000000000000005,-5.0
287,297.0,2020-04-20 12:55:00+05:30,297.9,297.0,297.9,2,47.64921023990384,296.99285714285753,-2.925849120321786,298.924916212723,296.6950000000001,294.4650837872772,4.46,-0.92,4.4,-5.2
288,296.9,2020-04-20 13:05:00+05:30,297.0,296.5,297.0,542,47.321630225915804,296.92857142857184,-0.32758001398803316,298.923727695457,296.7650000000001,294.6062723045432,4.32,-0.14,4.699999999999999,-5.2
289,295.55,2020-04-20 13:15:00+05:30,296.35,295.25,295.25,320,43.02164328041799,296.721428571429,-4.299986945497814,298.86900389381475,296.79250000000013,294.7159961061855,4.15,-0.17,4.699999999999999,-5.300000000000001
290,296.0,2020-04-20 13:25:00+05:30,296.0,296.0,296.0,20,44.82151133615694,296.4357142857147,1.7998680557389477,298.8632115997246,296.80000000000007,294.73678840027554,4.13,-0.02,4.699999999999999,-5.300000000000001
291,296.0,2020-04-20 13:35:00+05:30,296.0,296.0,296.0,5,44.82151133615693,296.4571428571433,-7.105427357601002e-15,298.78784111005564,296.8450000000001,294.90215888994453,3.89,-0.24,4.6000000000000005,-5.300000000000001
292,296.0,2020-04-20 13:45:00+05:30,297.0,295.95,296.9,60,44.82151133615694,296.47857142857185,7.105427357601002e-15,298.7615619864365,296.86500000000007,294.9684380135636,3.79,-0.1,4.699999999999999,-5.300000000000001
293,296.0,2020-04-20 13:55:00+05:30,296.0,296.0,296.0,51,44.82151133615693,296.2071428571433,-7.105427357601002e-15,298.7332139315612,296.88500000000005,295.0367860684389,3.7,-0.09,4.699999999999999,-5.300000000000001
294,295.55,2020-04-20 14:05:00+05:30,296.0,295.55,296.0,15,42.99473749317889,296.00000000000045,-1.8267738429780422,298.73815281461697,296.88250000000005,295.02684718538313,3.71,0.01,4.699999999999999,-5.300000000000001
295,295.0,2020-04-20 14:15:00+05:30,297.15,295.0,295.55,195,40.80569627163955,295.72857142857185,-2.189041221539341,298.6991792178859,296.735,294.77082078211413,3.93,0.22,4.8,-5.300000000000001
296,295.0,2020-04-20 14:25:00+05:30,297.9,295.0,295.0,138,40.80569627163955,295.65000000000043,0.0,298.6843039415863,296.61,294.53569605841375,4.15,0.22,4.8,-5.2
297,295.0,2020-04-20 14:35:00+05:30,297.55,295.0,295.0,406,40.80569627163954,295.50714285714326,-7.105427357601002e-15,298.5449334206148,296.46000000000004,294.37506657938525,4.17,0.02,4.699999999999999,-5.2
298,297.95,2020-04-20 14:45:00+05:30,297.95,295.0,295.0,558,55.86061182320246,295.7857142857147,15.054915551562921,298.58271837861645,296.47,294.3572816213836,4.23,0.06,4.699999999999999,-5.2
299,297.85,2020-04-20 14:55:00+05:30,297.95,297.85,297.95,30,55.34674197534197,296.05000000000035,-0.5138698478604908,298.60090537987605,296.475,294.349094620124,4.25,0.02,4.699999999999999,-5.2
300,297.65,2020-04-20 15:05:00+05:30,297.85,296.75,297.85,163,54.27143264874853,296.2857142857147,-1.075309326593441,298.5837146149988,296.47,294.35628538500123,4.23,-0.02,4.699999999999999,-5.2
301,295.25,2020-04-20 15:15:00+05:30,297.85,295.15,297.6,148,43.37976308696967,296.24285714285753,-10.891669561778862,298.5031497165778,296.365,294.2268502834222,4.28,0.05,4.699999999999999,-5.2
302,295.05,2020-04-20 15:25:00+05:30,298.0,295.05,295.25,574,42.61229290396435,296.2500000000004,-0.7674701830053152,298.4608571960466,296.26750000000004,294.07414280395346,4.39,0.11,4.8,-5.2
