,close,date,high,low,open,volume,RSI_14,sma_7,RSI_Trend,ub,mb,lb,band_diff,band_diff_trend,band_diff_trend_fited
0,180.35,2020-04-07 09:15:00+05:30,185.7,180.05,185.7,2197585,0.0,0.0,,,,,,,
1,180.3,2020-04-07 09:25:00+05:30,181.7,178.55,180.4,1440438,0.0,0.0,0.0,,,,,,
2,180.75,2020-04-07 09:35:00+05:30,182.55,179.6,180.35,1377677,40.909090909098545,0.0,40.909090909098545,,,,,,
3,178.4,2020-04-07 09:45:00+05:30,180.95,178.15,180.7,1115550,12.39406779661067,0.0,-28.515023112487874,,,,,,
4,179.2,2020-04-07 09:55:00+05:30,179.9,178.2,178.5,833818,30.22455867082138,0.0,17.83049087421071,,,,,,
5,177.3,2020-04-07 10:05:00+05:30,179.3,177.15,179.15,1328072,19.87714068081567,0.0,-10.34741799000571,,,,,,
6,174.85,2020-04-07 10:15:00+05:30,178.2,174.3,177.25,2066916,13.47227395601962,178.73571428571427,-6.404866724796051,,,,,,
7,177.0,2020-04-07 10:25:00+05:30,177.25,173.65,174.9,1940724,33.67074029344404,178.25714285714284,20.19846633742442,,,,,,
8,176.7,2020-04-07 10:35:00+05:30,176.85,175.4,176.7,911437,32.529675480528,177.74285714285716,-1.1410648129160421,,,,,,
9,175.95,2020-04-07 10:45:00+05:30,178.0,175.5,176.7,1216436,29.809843728161056,177.05714285714288,-2.719831752366943,,,,,,
10,177.4,2020-04-07 10:55:00+05:30,177.65,175.8,175.9,701471,40.2169869368905,176.91428571428574,10.407143208729444,,,,,,
11,177.65,2020-04-07 11:05:00+05:30,178.9,177.1,177.4,1129543,41.81873845782895,176.69285714285715,1.6017515209384499,,,,,,
12,178.3,2020-04-07 11:15:00+05:30,179.45,177.7,177.8,1111415,45.87888850682639,176.83571428571432,4.060150048997443,,,,,,
13,179.0,2020-04-07 11:25:00+05:30,179.3,178.3,178.4,773411,49.93113679819379,177.42857142857147,4.052248291367398,,,,,,
14,178.15,2020-04-07 11:35:00+05:30,179.05,177.75,178.85,679292,45.47827801787543,177.59285714285718,-4.452858780318358,,,,,,
15,179.15,2020-04-07 11:45:00+05:30,179.3,178.15,178.25,711229,51.01320907772045,177.9428571428572,5.5349310598450145,,,,,,
16,180.5,2020-04-07 11:55:00+05:30,180.5,178.8,179.2,906209,57.313386825429035,178.59285714285718,6.300177747708588,,,,,,
17,180.25,2020-04-07 12:05:00+05:30,180.85,179.7,180.5,989747,55.88013603325488,179.00000000000003,-1.4332507921741566,,,,,,
18,180.45,2020-04-07 12:15:00+05:30,180.5,180.0,180.25,543737,56.810638589462386,179.40000000000003,0.9305025562075073,,,,,,
19,180.15,2020-04-07 12:25:00+05:30,180.45,180.0,180.4,517004,54.938924533416014,179.66428571428577,-1.8717140560463719,181.99813268829908,178.59,175.18186731170093,6.82,,
20,180.95,2020-04-07 12:35:00+05:30,181.2,180.0,180.15,742015,58.83388561711894,179.9428571428572,3.894961083702924,182.103102065688,178.62,175.136897934312,6.97,0.0,5.0
21,180.2,2020-04-07 12:45:00+05:30,181.35,180.0,180.9,755322,54.11164345798737,180.23571428571432,-4.722242159131568,182.08822086223935,178.61499999999998,175.1417791377606,6.95,-0.0,5.0
22,179.45,2020-04-07 12:55:00+05:30,180.25,178.5,180.25,1257041,49.80646530925534,180.27857142857147,-4.305178148732033,181.9015118348213,178.54999999999998,175.19848816517867,6.7,-0.0,5.0
23,179.9,2020-04-07 13:05:00+05:30,180.5,179.35,179.45,745548,52.2606800746609,180.1928571428572,2.4542147654055597,182.029099695491,178.62499999999997,175.22090030450894,6.81,0.0,5.0
24,179.7,2020-04-07 13:15:00+05:30,180.45,179.65,179.9,520942,51.06560434759088,180.11428571428578,-1.1950757270700194,182.07913215966093,178.64999999999998,175.22086784033903,6.86,0.0,5.0
25,179.65,2020-04-07 13:25:00+05:30,180.0,178.9,179.65,480785,50.753134632678524,180.00000000000006,-0.3124697149123534,182.1627404767169,178.76749999999998,175.37225952328308,6.79,-0.0,5.0
26,180.25,2020-04-07 13:35:00+05:30,180.4,179.6,179.8,608477,54.36201007300364,180.01428571428576,3.6088754403251144,181.94481835202131,179.03749999999997,176.13018164797862,5.81,-1.0,2.5
27,180.2,2020-04-07 13:45:00+05:30,180.4,179.8,180.3,454994,54.00683257380399,179.9071428571429,-0.35517749919964814,181.9823225871867,179.19749999999996,176.41267741281322,5.57,-0.0,5.0
28,180.85,2020-04-07 13:55:00+05:30,181.0,180.1,180.25,747558,57.861257126935406,180.00000000000003,3.854424553131416,182.0195141442582,179.40499999999997,176.79048585574174,5.23,-0.0,5.0
29,179.8,2020-04-07 14:05:00+05:30,180.9,179.8,180.8,580357,50.499019933689475,180.05,-7.362237193245932,181.64675532045695,179.5975,177.54824467954305,4.1,-1.0,2.5
30,180.75,2020-04-07 14:15:00+05:30,181.0,179.65,179.75,678635,55.95907879112553,180.17142857142858,5.460058857436053,181.5937470545359,179.765,177.93625294546408,3.66,-0.0,5.0
31,180.6,2020-04-07 14:25:00+05:30,180.9,180.15,180.85,434640,54.92884374135846,180.29999999999998,-1.0302350497670645,181.4802254727454,179.91249999999997,178.34477452725454,3.14,-1.0,2.5
32,180.9,2020-04-07 14:35:00+05:30,181.0,180.5,180.6,427151,56.647901879006554,180.47857142857143,1.7190581376480907,181.47236013302,180.04249999999996,178.61263986697992,2.86,-0.0,5.0
33,182.05,2020-04-07 14:45:00+05:30,182.65,180.6,181.0,1263942,62.545288381834204,180.73571428571427,5.897386502827651,181.79693961381693,180.195,178.59306038618305,3.2,0.0,5.0
34,182.0,2020-04-07 14:55:00+05:30,182.15,181.4,182.05,954834,62.14942671878016,180.9928571428571,-0.3958616630540419,181.8760086142636,180.3875,178.89899138573637,2.98,-0.0,5.0
35,181.3,2020-04-07 15:05:00+05:30,182.15,181.0,182.0,1067277,56.7354535897769,181.05714285714285,-5.41397312900326,181.91623000842307,180.49499999999998,179.07376999157688,2.84,-0.0,5.0
36,181.6,2020-04-07 15:15:00+05:30,181.9,181.1,181.25,1353748,58.40769826632984,181.3142857142857,1.6722446765529355,182.0547293864067,180.54999999999998,179.04527061359326,3.01,0.0,5.0
37,181.35,2020-04-07 15:25:00+05:30,181.65,181.2,181.5,401083,56.44961093520504,181.39999999999995,-1.9580873311248013,182.14359129007505,180.60499999999996,179.06640870992487,3.08,0.0,5.0
38,177.8,2020-04-08 09:15:00+05:30,180.85,177.35,180.85,1554758,37.31794718999274,180.99999999999997,-19.131663745212293,182.45862953412308,180.4725,178.48637046587692,3.97,1.0,7.5
39,178.1,2020-04-08 09:25:00+05:30,180.25,177.7,177.85,1464348,39.1934584433167,180.59999999999994,1.8755112533239569,182.6202397533082,180.36999999999998,178.11976024669175,4.5,1.0,7.5
40,179.45,2020-04-08 09:35:00+05:30,179.5,177.5,178.1,1935643,46.893937789607115,180.22857142857137,7.700479346290415,182.56375806508646,180.295,178.02624193491351,4.54,0.0,5.0
41,179.15,2020-04-08 09:45:00+05:30,179.5,178.55,179.4,1317496,45.514539201724475,179.82142857142853,-1.3793985878826405,182.56838975617825,180.2425,177.91661024382176,4.65,0.0,5.0
42,179.05,2020-04-08 09:55:00+05:30,179.5,178.7,179.2,859570,45.03895782972756,179.49999999999997,-0.47558137199691686,182.58369394419552,180.22250000000003,177.86130605580453,4.72,0.0,5.0
43,179.2,2020-04-08 10:05:00+05:30,179.45,178.8,179.0,726909,45.95125482245958,179.15714285714284,0.9122969927320241,182.58922635278967,180.1875,177.78577364721033,4.8,0.0,5.0
44,180.6,2020-04-08 10:15:00+05:30,180.95,178.9,179.2,1660239,53.679425138103205,179.04999999999998,7.728170315643624,182.62948824185253,180.23250000000002,177.8355117581475,4.79,-0.0,5.0
45,180.1,2020-04-08 10:25:00+05:30,180.95,180.0,180.7,1305138,50.88124633827284,179.3785714285714,-2.7981787998303673,182.6373694529872,180.255,177.8726305470128,4.76,-0.0,5.0
46,180.05,2020-04-08 10:35:00+05:30,180.5,179.05,180.1,1543629,50.59720677826155,179.65714285714284,-0.28403956001128705,182.62913616707564,180.245,177.86086383292437,4.77,0.0,5.0
47,179.45,2020-04-08 10:45:00+05:30,180.25,179.0,180.05,1122407,47.19264412610015,179.65714285714284,-3.4045626521614025,182.61806337595053,180.2075,177.7969366240495,4.82,0.0,5.0
48,179.5,2020-04-08 10:55:00+05:30,180.0,178.3,179.3,1148323,47.5096140037128,179.70714285714283,0.3169698776126495,182.5504159937982,180.14000000000001,177.72958400620183,4.82,0.0,5.0
49,179.7,2020-04-08 11:05:00+05:30,180.2,179.25,179.55,787115,48.83261884667529,179.79999999999998,1.32300484296249,182.5487980554785,180.135,177.72120194452148,4.83,0.0,5.0
50,181.2,2020-04-08 11:15:00+05:30,181.25,179.4,179.85,1751063,57.487221016149775,180.08571428571426,8.654602169474487,182.60360861746184,180.15749999999997,177.7113913825381,4.89,0.0,5.0
51,183.3,2020-04-08 11:25:00+05:30,183.95,181.15,181.15,3148052,66.12569504257303,180.47142857142856,8.638474026423253,183.11109894273736,180.2925,177.47390105726262,5.64,1.0,7.5
52,180.0,2020-04-08 11:35:00+05:30,183.4,179.6,183.3,1587233,49.2053507055714,180.45714285714286,-16.92034433700163,183.05397278156843,180.2475,177.44102721843157,5.61,-0.0,5.0
53,179.15,2020-04-08 11:45:00+05:30,179.9,178.0,179.9,1715587,45.94428104426483,180.32857142857145,-3.2610696613065713,182.81494209251798,180.1025,177.390057907482,5.42,-0.0,5.0
54,180.2,2020-04-08 11:55:00+05:30,180.45,178.7,179.15,876026,50.32402944074822,180.4357142857143,4.379748396483393,182.5751620616276,180.0125,177.44983793837238,5.13,-0.0,5.0
55,179.6,2020-04-08 12:05:00+05:30,180.3,178.7,180.15,664692,47.93402846389412,180.45000000000002,-2.390000976854097,182.42222601596586,179.92749999999995,177.43277398403404,4.99,-0.0,5.0
56,179.75,2020-04-08 12:15:00+05:30,180.0,179.4,179.65,392800,48.59135851924677,180.45714285714286,0.6573300553526451,182.2025659274987,179.83499999999998,177.46743407250125,4.74,-0.0,5.0
57,180.25,2020-04-08 12:25:00+05:30,180.45,179.45,179.75,535216,50.8202025464781,180.32142857142858,2.2288440272313323,182.04841006225206,179.77999999999997,177.51158993774789,4.54,-0.0,5.0
58,179.85,2020-04-08 12:35:00+05:30,180.5,179.4,180.25,466534,48.99029854445501,179.82857142857142,-1.829904002023092,181.9506227185415,179.88249999999996,177.81437728145843,4.14,-0.0,5.0
59,179.7,2020-04-08 12:45:00+05:30,180.25,178.85,179.7,618697,48.28811903007469,179.78571428571428,-0.7021795143803189,181.856778087738,179.96249999999995,178.0682219122619,3.79,-0.0,5.0
60,179.85,2020-04-08 12:55:00+05:30,179.9,179.15,179.6,467462,49.074188110534145,179.88571428571427,0.7860690804594554,181.86238661472194,179.98249999999996,178.10261338527798,3.76,-0.0,5.0
61,179.7,2020-04-08 13:05:00+05:30,180.3,179.0,179.8,553648,48.283771160085244,179.8142857142857,-0.7904169504489005,181.85436553061652,180.00999999999993,178.16563446938335,3.69,-0.0,5.0
62,179.35,2020-04-08 13:15:00+05:30,179.8,179.0,179.65,393549,46.40560076823847,179.7785714285714,-1.8781703918467727,181.84115556950158,180.02499999999992,178.20884443049826,3.63,-0.0,5.0
63,179.55,2020-04-08 13:25:00+05:30,179.7,179.1,179.3,330765,47.658529479983564,179.74999999999997,1.252928711745092,181.8317294725002,180.04249999999996,178.25327052749972,3.58,-0.0,5.0
64,179.1,2020-04-08 13:35:00+05:30,179.7,179.0,179.5,527329,45.103564113847064,179.58571428571423,-2.5549653661365,181.78388014801564,179.96749999999994,178.15111985198425,3.63,0.0,5.0
65,178.3,2020-04-08 13:45:00+05:30,179.15,177.5,179.15,1216242,40.90515655504733,179.36428571428567,-4.198407558799737,181.8388301072165,179.87749999999997,177.91616989278344,3.92,0.0,5.0
66,177.2,2020-04-08 13:55:00+05:30,178.3,177.1,178.3,649281,35.94997363008605,179.0071428571428,-4.955182924961278,182.02940968213477,179.73499999999996,177.44059031786514,4.59,1.0,7.5
67,177.8,2020-04-08 14:05:00+05:30,178.25,176.75,177.25,802991,40.20488562431869,178.7142857142857,4.254911994232643,182.1033806151002,179.65249999999997,177.20161938489974,4.9,0.0,5.0
68,178.4,2020-04-08 14:15:00+05:30,178.8,177.65,177.85,645496,44.19709028360171,178.5285714285714,3.9922046592830185,182.111351103073,179.59749999999997,177.08364889692695,5.03,0.0,5.0
69,178.45,2020-04-08 14:25:00+05:30,178.7,177.8,178.45,567343,44.52945351903353,178.4,0.33236323543182067,182.09976119746074,179.53499999999997,176.9702388025392,5.13,0.0,5.0
70,178.95,2020-04-08 14:35:00+05:30,179.35,178.35,178.45,602868,47.8729723835182,178.31428571428572,3.343518864484672,181.87466875009602,179.42249999999996,176.9703312499039,4.9,-0.0,5.0
71,178.7,2020-04-08 14:45:00+05:30,179.4,178.35,178.95,544515,46.36804747775925,178.2571428571429,-1.5049249057589549,180.84629149707257,179.19249999999994,177.5387085029273,3.31,-2.0,0.0
72,178.85,2020-04-08 14:55:00+05:30,179.75,178.7,178.75,862284,47.43575138225448,178.33571428571432,1.0677039044952323,180.75009328392807,179.13499999999993,177.5199067160718,3.23,-0.0,5.0
73,178.6,2020-04-08 15:05:00+05:30,178.95,178.3,178.85,840549,45.79924037550479,178.53571428571428,-1.6365110067496929,180.740152024033,179.10749999999993,177.47484797596687,3.27,0.0,5.0
74,178.3,2020-04-08 15:15:00+05:30,178.9,178.0,178.5,932446,43.844477963898605,178.60714285714286,-1.9547624116061826,180.5979187559062,179.01249999999996,177.42708124409373,3.17,-0.0,5.0
75,178.6,2020-04-08 15:25:00+05:30,178.9,178.05,178.3,412705,46.31219867745841,178.63571428571427,2.4677207135598067,180.53290893098787,178.96249999999995,177.39209106901203,3.14,-0.0,5.0
76,182.65,2020-04-09 09:15:00+05:30,184.0,180.1,184.0,2248532,67.24124318325066,179.23571428571427,20.92904450579225,181.36797852409504,179.10749999999996,176.84702147590488,4.52,1.0,7.5
77,183.25,2020-04-09 09:25:00+05:30,183.5,181.7,182.6,2293840,69.1593725669567,179.84999999999997,1.9181293837060451,182.14764204713742,179.25749999999996,176.3673579528625,5.78,1.0,7.5
78,182.9,2020-04-09 09:35:00+05:30,183.35,182.55,183.25,1035397,66.7057092520055,180.45,-2.4536633149512,182.7227504870536,179.40999999999997,176.09724951294635,6.63,1.0,7.5
79,181.75,2020-04-09 09:45:00+05:30,183.15,181.6,182.75,1514901,59.265572949377635,180.8642857142857,-7.44013630262787,182.9859898270972,179.5125,176.03901017290278,6.95,0.0,5.0
80,182.85,2020-04-09 09:55:00+05:30,183.0,181.0,181.7,2961423,63.463408692648436,181.47142857142856,4.197835743270801,183.44290306957092,179.66249999999997,175.88209693042901,7.56,1.0,7.5
81,182.4,2020-04-09 10:05:00+05:30,182.95,182.2,182.85,1009109,60.70722158004925,182.05714285714288,-2.7561871125991857,183.771424879432,179.79749999999999,175.82357512056797,7.95,0.0,5.0
82,182.5,2020-04-09 10:15:00+05:30,183.0,182.25,182.35,1474905,61.11140613389123,182.61428571428573,0.40418455384197927,184.10024458042938,179.95499999999998,175.8097554195706,8.29,0.0,5.0
83,182.6,2020-04-09 10:25:00+05:30,183.0,182.1,182.65,733812,61.537484361675936,182.60714285714286,0.42607822778470705,184.41138747162626,180.1075,175.80361252837372,8.61,0.0,5.0
84,182.65,2020-04-09 10:35:00+05:30,182.9,182.3,182.6,804103,61.763066570677076,182.52142857142857,0.22558220900113923,184.7051809917695,180.285,175.86481900823048,8.84,0.0,5.0
85,182.25,2020-04-09 10:45:00+05:30,182.85,182.25,182.65,1463970,58.792340683933595,182.42857142857142,-2.9707258867434803,184.88217403098773,180.4825,176.08282596901225,8.8,-0.0,5.0
86,182.15,2020-04-09 10:55:00+05:30,182.4,181.85,182.25,1423636,58.040732830818094,182.4857142857143,-0.7516078531155017,184.90327335868574,180.73,176.55672664131424,8.35,-0.0,5.0
87,182.7,2020-04-09 11:05:00+05:30,182.7,182.0,182.05,682137,60.99429465980362,182.46428571428575,2.953561828985528,184.99658648977453,180.97499999999997,176.9534135102254,8.04,-0.0,5.0
88,182.6,2020-04-09 11:15:00+05:30,183.0,182.3,182.6,674366,60.16504667648278,182.49285714285716,-0.8292479833208404,185.07697555031,181.18499999999997,177.29302444968994,7.78,-0.0,5.0
89,183.0,2020-04-09 11:25:00+05:30,183.0,182.25,182.55,543043,62.368919711296954,182.56428571428572,2.2038730348141726,185.16060478424558,181.41249999999997,177.66439521575435,7.5,-0.0,5.0
90,182.85,2020-04-09 11:35:00+05:30,183.5,182.65,182.95,809750,61.005875711664494,182.6,-1.3630439996324597,185.2195084804937,181.6075,177.9954915195063,7.22,-0.0,5.0
91,184.4,2020-04-09 11:45:00+05:30,184.5,182.75,182.75,1619822,68.63411519769136,182.85,7.628239486026864,185.4374407982586,181.89249999999998,178.34755920174138,7.09,-0.0,5.0
92,184.2,2020-04-09 11:55:00+05:30,185.3,184.05,184.4,1793930,66.8177630146559,183.12857142857143,-1.8163521830354625,185.54193342397676,182.16,178.77806657602324,6.76,-0.0,5.0
93,184.85,2020-04-09 12:05:00+05:30,185.0,184.05,184.15,892595,69.63071685710383,183.5142857142857,2.8129538424479392,185.61599369835213,182.4725,179.32900630164787,6.29,-0.0,5.0
94,184.35,2020-04-09 12:15:00+05:30,184.9,184.3,184.85,986435,65.06169092952085,183.74999999999997,-4.5690259275829845,185.33881705562965,182.77499999999998,180.2111829443703,5.13,-1.0,2.5
95,184.65,2020-04-09 12:25:00+05:30,185.0,184.3,184.3,782218,66.48279689041786,184.04285714285714,1.421105960897009,184.8826024172724,183.0775,181.27239758272756,3.61,-2.0,0.0
96,184.65,2020-04-09 12:35:00+05:30,185.35,184.35,184.6,886551,66.48279689041786,184.27857142857144,0.0,185.1006210926103,183.17749999999998,181.25437890738965,3.85,0.0,5.0
97,185.05,2020-04-09 12:45:00+05:30,185.1,184.5,184.55,831254,68.4661914115854,184.59285714285716,1.98339452116754,185.3654375837388,183.26749999999998,181.16956241626116,4.2,0.0,5.0
98,185.15,2020-04-09 12:55:00+05:30,185.25,184.5,185.0,796385,68.9607046064076,184.70000000000002,0.4945131948222041,185.6307074911074,183.38,181.1292925088926,4.5,0.0,5.0
99,184.7,2020-04-09 13:05:00+05:30,185.25,184.45,185.2,1154713,64.09002987210411,184.77142857142857,-4.870674734303492,185.7141761606556,183.52749999999997,181.34082383934435,4.37,-0.0,5.0
100,184.9,2020-04-09 13:15:00+05:30,184.95,184.5,184.8,1211269,65.26429384171125,184.77857142857147,1.1742639696071393,185.87438480610953,183.63,181.38561519389046,4.49,0.0,5.0
101,184.75,2020-04-09 13:25:00+05:30,185.0,184.5,184.85,854406,63.58490725354359,184.83571428571435,-1.6793865881676595,185.96666888188267,183.7475,181.52833111811734,4.44,-0.0,5.0
102,184.5,2020-04-09 13:35:00+05:30,184.85,184.5,184.75,722599,60.777834354167936,184.81428571428575,-2.8070728993756546,186.00948617260306,183.8475,181.68551382739693,4.32,-0.0,5.0
103,184.6,2020-04-09 13:45:00+05:30,184.8,184.35,184.5,1078176,61.50980627408127,184.80714285714288,0.7319719199133345,186.05074936579982,183.9475,181.84425063420016,4.21,-0.0,5.0
104,184.15,2020-04-09 13:55:00+05:30,184.7,183.4,184.6,1118972,56.40825007157276,184.67857142857147,-5.101556202508512,186.0360004868454,184.02249999999998,182.00899951315455,4.03,-0.0,5.0
105,184.1,2020-04-09 14:05:00+05:30,184.5,183.8,184.15,647662,55.853938060316786,184.52857142857144,-0.5543120112559734,185.94748465205043,184.11499999999998,182.28251534794953,3.66,-0.0,5.0
106,184.0,2020-04-09 14:15:00+05:30,184.15,183.95,184.05,678216,54.69626999827455,184.42857142857142,-1.1576680620422337,185.792387510536,184.20749999999998,182.62261248946396,3.17,-0.0,5.0
107,184.4,2020-04-09 14:25:00+05:30,184.45,184.0,184.0,672186,58.409635153656794,184.35714285714286,3.7133651553822418,185.71053236545367,184.2925,182.8744676345463,2.84,-0.0,5.0
108,185.0,2020-04-09 14:35:00+05:30,185.15,184.35,184.45,1110037,63.272587093497926,184.39285714285714,4.862951939841132,185.61769707931958,184.4125,183.2073029206804,2.41,-0.0,5.0
109,184.5,2020-04-09 14:45:00+05:30,185.2,184.5,185.0,910544,57.26374950270496,184.39285714285714,-6.0088375907929645,185.49268393184659,184.4875,183.48231606815344,2.01,-0.0,5.0
110,185.1,2020-04-09 14:55:00+05:30,185.2,184.25,184.45,830097,61.935320758105824,184.46428571428572,4.671571255400863,185.28671606022345,184.6,183.91328393977653,1.37,-1.0,2.5
111,185.0,2020-04-09 15:05:00+05:30,186.25,184.95,185.0,1449861,60.74352997991964,184.58571428571426,-1.1917907781861814,185.33217706568882,184.63,183.92782293431117,1.4,0.0,5.0
112,185.3,2020-04-09 15:15:00+05:30,185.4,184.95,185.0,1369153,63.041188901694426,184.75714285714284,2.297658921774783,185.41704831592082,184.685,183.95295168407918,1.46,0.0,5.0
113,184.85,2020-04-09 15:25:00+05:30,185.45,184.8,185.3,405500,57.59566057968331,184.8785714285714,-5.445528322011114,185.41704831592082,184.685,183.95295168407918,1.46,0.0,5.0
114,183.1,2020-04-13 09:15:00+05:30,184.85,182.1,184.5,792417,42.29487859406368,184.6928571428571,-15.30078198561963,185.63477986560844,184.6225,183.61022013439157,2.02,1.0,7.5
115,182.55,2020-04-13 09:25:00+05:30,183.25,182.5,183.0,621826,38.80565938308582,184.3428571428571,-3.489219210977865,185.88950391283794,184.5175,183.1454960871621,2.74,1.0,7.5
116,182.8,2020-04-13 09:35:00+05:30,183.45,182.55,182.55,556478,41.18096959564303,184.09999999999994,2.37531021255721,185.9946127581435,184.425,182.85538724185653,3.14,0.0,5.0
117,182.65,2020-04-13 09:45:00+05:30,183.2,182.55,182.75,554170,40.17338065939348,183.74999999999997,-1.0075889362495474,186.03245629848007,184.305,182.57754370151994,3.45,0.0,5.0
118,183.55,2020-04-13 09:55:00+05:30,183.65,182.5,182.6,570517,48.34056581160138,183.54285714285712,8.1671851522079,185.93580159728234,184.22500000000002,182.5141984027177,3.42,-0.0,5.0
119,183.5,2020-04-13 10:05:00+05:30,184.55,183.35,183.7,485831,47.948941950105045,183.28571428571425,-0.39162386149633477,185.88977305906133,184.16500000000002,182.44022694093871,3.45,0.0,5.0
120,183.25,2020-04-13 10:15:00+05:30,183.7,183.0,183.5,238581,45.94471160424274,183.05714285714285,-2.004230345862304,185.8170634973435,184.08250000000004,182.34793650265658,3.47,0.0,5.0
121,183.15,2020-04-13 10:25:00+05:30,183.5,183.0,183.25,403362,45.13207095580846,183.06428571428572,-0.8126406484342823,185.7549343970004,184.00250000000003,182.25006560299965,3.5,0.0,5.0
122,183.8,2020-04-13 10:35:00+05:30,184.2,182.85,183.2,541360,51.17692948424279,183.24285714285716,6.044858528434332,185.70600359126541,183.96750000000003,182.22899640873464,3.48,-0.0,5.0
123,183.75,2020-04-13 10:45:00+05:30,184.0,183.35,183.8,320289,50.71408245941153,183.37857142857143,-0.4628470248312624,185.63979628988116,183.92500000000004,182.21020371011892,3.43,-0.0,5.0
124,183.8,2020-04-13 10:55:00+05:30,183.95,183.5,183.75,376952,51.18948481128196,183.54285714285714,0.4754023518704287,185.61976996149946,183.90750000000006,182.19523003850065,3.42,-0.0,5.0
125,184.05,2020-04-13 11:05:00+05:30,184.25,183.8,183.8,383702,53.59947915376765,183.6142857142857,2.409994342485696,185.61623224299757,183.90500000000006,182.19376775700255,3.42,0.0,5.0
126,184.3,2020-04-13 11:15:00+05:30,184.6,183.95,184.1,666948,55.942146629241186,183.72857142857143,2.342667475473533,185.63997552002186,183.92000000000007,182.20002447997828,3.44,0.0,5.0
127,185.35,2020-04-13 11:25:00+05:30,185.35,184.15,184.4,648001,64.13281065240932,184.0285714285714,8.190664023168132,185.79255227034034,183.96750000000006,182.14244772965978,3.65,0.0,5.0
128,185.6,2020-04-13 11:35:00+05:30,186.6,185.0,185.3,931835,65.76475237202584,184.37857142857138,1.6319417196165205,185.91156841433047,183.99750000000006,182.08343158566964,3.83,0.0,5.0
129,185.1,2020-04-13 11:45:00+05:30,186.3,185.0,185.6,468567,59.89508902212064,184.56428571428566,-5.869663349905203,185.99285118061854,184.02750000000006,182.06214881938158,3.93,0.0,5.0
130,184.7,2020-04-13 11:55:00+05:30,185.5,184.5,185.05,503515,55.61834976243629,184.69999999999996,-4.276739259684348,185.93466726939081,184.00750000000005,182.08033273060929,3.85,-0.0,5.0
131,185.05,2020-04-13 12:05:00+05:30,185.25,184.55,184.7,298588,58.416284534260576,184.87857142857138,2.7979347718242877,185.9427101233898,184.01000000000005,182.0772898766103,3.87,0.0,5.0
132,185.2,2020-04-13 12:15:00+05:30,185.4,184.9,185.05,276793,59.592018839655324,185.04285714285712,1.175734305394748,185.92412809149877,184.00500000000005,182.08587190850133,3.84,-0.0,5.0
133,184.6,2020-04-13 12:25:00+05:30,185.25,184.35,185.25,540088,53.1220073497985,185.08571428571423,-6.470011489856823,185.89160643808043,183.99250000000004,182.09339356191964,3.8,-0.0,5.0
134,184.05,2020-04-13 12:35:00+05:30,184.8,184.0,184.6,345411,47.9795655309996,184.89999999999995,-5.1424418187989005,185.8920543359088,184.04000000000005,182.1879456640913,3.7,-0.0,5.0
135,183.75,2020-04-13 12:45:00+05:30,184.3,183.5,184.05,596264,45.398046544076834,184.63571428571427,-2.5815189869227666,185.8219939482749,184.10000000000005,182.3780060517252,3.44,-0.0,5.0
136,183.6,2020-04-13 12:55:00+05:30,183.9,183.5,183.75,393612,44.119821143412224,184.42142857142855,-1.2782254006646099,185.7695301227818,184.14000000000004,182.5104698772183,3.26,-0.0,5.0
137,182.9,2020-04-13 13:05:00+05:30,183.95,182.9,183.6,429811,38.65068276149194,184.16428571428568,-5.469138381920281,185.73712182106334,184.15250000000003,182.56787817893672,3.17,-0.0,5.0
138,182.55,2020-04-13 13:15:00+05:30,183.65,182.55,182.9,333975,36.23224403036513,183.80714285714285,-2.4184387311268125,185.82433347810303,184.10250000000002,182.380666521897,3.44,0.0,5.0
139,182.7,2020-04-13 13:25:00+05:30,183.15,182.1,182.6,491405,38.02211838498905,183.45,1.7898743546239189,185.87789469392678,184.06250000000003,182.24710530607328,3.63,0.0,5.0
140,183.05,2020-04-13 13:35:00+05:30,183.1,182.35,182.65,280884,42.1055019189108,183.22857142857143,4.083383533921747,185.8888221251646,184.05250000000004,182.21617787483547,3.67,0.0,5.0
141,182.6,2020-04-13 13:45:00+05:30,183.35,182.35,183.05,305670,38.58554582792807,183.02142857142854,-3.519956090982724,185.93329215461603,184.02500000000003,182.11670784538404,3.82,0.0,5.0
142,182.75,2020-04-13 13:55:00+05:30,183.15,182.5,182.5,247429,40.37487854395834,182.8785714285714,1.7893327160302661,185.9628649493446,183.97250000000003,181.98213505065544,3.98,0.0,5.0
143,182.0,2020-04-13 14:05:00+05:30,183.0,181.55,182.85,514584,34.899715237258036,182.65,-5.475163306700303,186.0616947420345,183.88500000000002,181.70830525796555,4.35,0.0,5.0
144,182.15,2020-04-13 14:15:00+05:30,182.3,181.55,181.95,282885,36.74719759183368,182.54285714285714,1.8474823545756465,186.11367992194022,183.8025,181.4913200780598,4.62,0.0,5.0
145,182.95,2020-04-13 14:25:00+05:30,183.0,182.15,182.15,340113,45.61226065997563,182.6,8.86506306814195,186.08607243903887,183.7475,181.40892756096113,4.68,0.0,5.0
146,182.95,2020-04-13 14:35:00+05:30,183.15,182.65,182.95,340712,45.61226065997563,182.6357142857143,0.0,186.02933361212348,183.67999999999998,181.33066638787648,4.7,0.0,5.0
147,182.65,2020-04-13 14:45:00+05:30,183.25,182.3,183.0,460591,42.991739277252385,182.57857142857145,-2.620521382723247,185.79862865292037,183.545,181.2913713470796,4.51,-0.0,5.0
148,181.65,2020-04-13 14:55:00+05:30,182.9,181.6,182.6,368901,35.64116275797541,182.4428571428572,-7.350576519276977,185.53417616065562,183.3475,181.16082383934437,4.37,-0.0,5.0
149,181.65,2020-04-13 15:05:00+05:30,181.95,181.55,181.65,542326,35.64116275797541,182.28571428571436,0.0,185.3235613301636,183.175,181.0264386698364,4.3,-0.0,5.0
150,181.4,2020-04-13 15:15:00+05:30,181.8,181.05,181.7,944202,33.957771953591404,182.20000000000007,-1.683390804384004,185.17226002623494,183.01000000000002,180.8477399737651,4.32,0.0,5.0
151,181.9,2020-04-13 15:25:00+05:30,181.9,181.4,181.45,277901,40.05587030816023,182.1642857142858,6.098098354568826,184.8410130652141,182.85250000000002,180.86398693478594,3.98,-0.0,5.0
152,184.8,2020-04-15 09:15:00+05:30,185.55,183.0,184.05,2168344,61.98240578623115,182.4285714285715,21.926535478070917,184.72744479852966,182.83250000000004,180.93755520147042,3.79,-0.0,5.0
153,184.5,2020-04-15 09:25:00+05:30,185.2,184.0,184.9,1277556,59.555498630790346,182.65000000000006,-2.4269071554408015,184.7032384510755,182.82750000000004,180.9517615489246,3.75,-0.0,5.0
154,184.9,2020-04-15 09:35:00+05:30,185.1,184.25,184.55,961838,61.708341487541496,182.97142857142862,2.1528428567511497,184.89494964199915,182.87000000000003,180.84505035800092,4.05,0.0,5.0
155,186.0,2020-04-15 09:45:00+05:30,186.25,184.6,184.95,1532885,66.92269363774224,183.59285714285718,5.214352150200746,185.42106623103797,182.98250000000002,180.54393376896206,4.88,1.0,7.5
156,187.3,2020-04-15 09:55:00+05:30,188.05,185.9,186.0,2050974,71.80862910403026,184.40000000000003,4.885935466288018,186.2733984631116,183.16750000000005,180.0616015368885,6.21,1.0,7.5
157,190.0,2020-04-15 10:05:00+05:30,190.4,186.8,187.3,2335923,78.80964323979364,185.62857142857143,7.001014135763384,187.87323798942577,183.52250000000004,179.1717620105743,8.7,2.0,10.0
158,191.2,2020-04-15 10:15:00+05:30,191.5,190.0,190.0,2186390,81.06081304785098,186.95714285714286,2.251169808057341,189.46421715711145,183.955,178.44578284288858,11.02,2.0,10.0
159,192.05,2020-04-15 10:25:00+05:30,192.5,191.0,191.2,1876399,82.48056491414864,187.99285714285716,1.4197518662976591,190.97194553699825,184.42250000000004,177.87305446300184,13.1,2.0,10.0
160,192.05,2020-04-15 10:35:00+05:30,193.7,192.0,192.0,1706338,82.48056491414864,189.07142857142858,0.0,192.2137658452427,184.87250000000003,177.53123415475736,14.68,2.0,10.0
161,191.9,2020-04-15 10:45:00+05:30,192.1,191.4,192.1,1257246,81.23423812812291,190.07142857142858,-1.2463267860257332,193.23012647232085,185.33750000000003,177.44487352767922,15.79,1.0,7.5
162,191.8,2020-04-15 10:55:00+05:30,192.55,191.4,191.8,1908478,80.36241833649606,190.9,-0.871819791626848,194.08543945728465,185.79000000000005,177.49456054271545,16.59,1.0,7.5
163,190.95,2020-04-15 11:05:00+05:30,191.8,190.85,191.7,1141249,73.17377883905355,191.42142857142858,-7.188639497442509,194.637053559565,186.23750000000004,177.83794644043508,16.8,0.0,5.0
164,190.85,2020-04-15 11:15:00+05:30,191.5,190.85,191.0,856397,72.353766086417,191.54285714285714,-0.8200127526365577,195.08186038621633,186.67250000000004,178.26313961378375,16.82,0.0,5.0
165,191.2,2020-04-15 11:25:00+05:30,191.35,190.8,190.9,1027754,73.47420023729998,191.54285714285714,1.1204341508829856,195.53479601124076,187.08500000000004,178.63520398875932,16.9,0.0,5.0
166,191.05,2020-04-15 11:35:00+05:30,191.9,191.0,191.2,1005416,72.12509857555612,191.4,-1.349101661743859,195.88157472205253,187.49000000000007,179.0984252779476,16.78,-0.0,5.0
167,190.05,2020-04-15 11:45:00+05:30,191.25,189.3,191.05,1638331,63.724509600276754,191.1142857142857,-8.40058897527937,196.00187357204467,187.86000000000007,179.71812642795547,16.28,-0.0,5.0
168,190.15,2020-04-15 11:55:00+05:30,190.55,189.25,190.05,995264,64.17388338668802,190.8642857142857,0.4493737864112646,195.9344994676295,188.28500000000005,180.6355005323706,15.3,-1.0,2.5
169,191.15,2020-04-15 12:05:00+05:30,191.35,190.0,190.2,741270,68.39077958615103,190.77142857142857,4.216896199463008,195.8328241958403,188.76000000000005,181.6871758041598,14.15,-1.0,2.5
170,190.55,2020-04-15 12:15:00+05:30,191.4,189.9,191.2,964037,63.55694150004997,190.71428571428572,-4.8338380861010535,195.41540074817365,189.21750000000006,183.01959925182646,12.4,-2.0,0.0
171,189.95,2020-04-15 12:25:00+05:30,190.8,189.95,190.55,745476,59.06139081865807,190.58571428571432,-4.495550681391904,194.77480358500696,189.62000000000006,184.46519641499316,10.31,-2.0,0.0
172,190.5,2020-04-15 12:35:00+05:30,190.7,189.95,190.0,664485,61.733388276189245,190.4857142857143,2.6719974575311767,194.54202490827905,189.90500000000003,185.267975091721,9.27,-1.0,2.5
173,189.75,2020-04-15 12:45:00+05:30,190.5,189.7,190.5,820689,56.33386108939312,190.3,-5.399527186796128,194.0490725245264,190.16750000000005,186.2859274754737,7.76,-2.0,0.0
174,189.85,2020-04-15 12:55:00+05:30,190.1,189.65,189.75,598576,56.87546705900836,190.27142857142857,0.5416059696152402,193.41308710943989,190.41500000000002,187.41691289056016,6.0,-2.0,0.0
175,190.15,2020-04-15 13:05:00+05:30,190.55,189.7,189.95,909359,58.53698659008032,190.27142857142857,1.66151953107196,192.79468662569363,190.62250000000003,188.45031337430643,4.34,-2.0,0.0
176,189.95,2020-04-15 13:15:00+05:30,190.85,189.9,190.2,753819,56.961354636766636,190.1,-1.5756319533136818,192.30924715233016,190.75500000000002,189.2007528476699,3.11,-1.0,2.5
177,190.8,2020-04-15 13:25:00+05:30,190.85,189.7,189.95,878689,61.68199505390209,190.1357142857143,4.720640417135456,192.30806590109376,190.79500000000002,189.28193409890628,3.03,-0.0,5.0
178,191.15,2020-04-15 13:35:00+05:30,192.0,190.55,190.8,1448196,63.459265041694465,190.30714285714288,1.7772699877923728,192.30291123713488,190.79250000000005,189.28208876286521,3.02,-0.0,5.0
179,189.9,2020-04-15 13:45:00+05:30,191.2,189.75,191.2,1351709,53.85238980211148,190.2214285714286,-9.606875239582983,192.12287123352914,190.68500000000003,189.24712876647092,2.88,-0.0,5.0
180,190.0,2020-04-15 13:55:00+05:30,190.5,189.75,189.9,962559,54.446522317634965,190.2571428571429,0.5941325155234836,191.89770460685585,190.58250000000004,189.26729539314422,2.63,-0.0,5.0
181,188.95,2020-04-15 14:05:00+05:30,190.0,188.7,190.0,1566134,47.52738419592114,190.12857142857146,-6.919138121713829,191.78917483128447,190.435,189.08082516871553,2.71,0.0,5.0
182,188.2,2020-04-15 14:15:00+05:30,189.1,187.75,188.95,1488152,43.29507845308202,189.85000000000005,-4.232305742839117,191.79016671475947,190.255,188.71983328524053,3.07,0.0,5.0
183,190.35,2020-04-15 14:25:00+05:30,190.55,188.2,188.2,1293579,55.52251070224511,189.90714285714287,12.227432249163087,191.72605226249354,190.225,188.72394773750645,3.0,-0.0,5.0
184,190.95,2020-04-15 14:35:00+05:30,191.5,190.15,190.25,1269606,58.22947143491502,189.92857142857147,2.7069607326699128,191.74045479383219,190.23,188.7195452061678,3.02,0.0,5.0
185,189.95,2020-04-15 14:45:00+05:30,191.0,189.6,190.85,1153142,52.49500391184022,189.7571428571429,-5.734467523074798,191.61091517534672,190.1675,188.72408482465326,2.89,-0.0,5.0
186,189.85,2020-04-15 14:55:00+05:30,190.8,189.4,189.95,1408223,51.944105896018165,189.75,-0.5508980158220567,191.49514283285689,190.1075,188.7198571671431,2.78,-0.0,5.0
187,189.05,2020-04-15 15:05:00+05:30,189.85,188.35,189.85,1836676,47.63712041871232,189.6142857142857,-4.306985477305844,191.52370706514967,190.05749999999998,188.5912929348503,2.93,0.0,5.0
188,189.6,2020-04-15 15:15:00+05:30,189.75,188.75,189.0,1698315,50.66572955571812,189.70714285714283,3.0286091370058017,191.50947359059336,190.02999999999997,188.5505264094066,2.96,0.0,5.0
189,190.25,2020-04-15 15:25:00+05:30,190.5,189.55,189.6,524733,54.04837102513977,189.99999999999997,3.3826414694216496,191.37295570989554,189.98499999999996,188.59704429010438,2.78,-0.0,5.0
190,188.1,2020-04-16 09:15:00+05:30,190.55,187.1,189.65,2071637,43.43885811607069,189.6785714285714,-10.609512909069082,191.4575169113111,189.86249999999995,188.2674830886888,3.19,0.0,5.0
191,188.4,2020-04-16 09:25:00+05:30,188.4,187.2,188.1,855544,45.05944875929807,189.3142857142857,1.6205906432273807,191.50763567947797,189.78499999999997,188.06236432052197,3.45,0.0,5.0
192,188.9,2020-04-16 09:35:00+05:30,190.3,188.05,188.35,1046307,47.746664940080464,189.16428571428568,2.687216180782393,191.4364125659947,189.70499999999998,187.97358743400528,3.46,0.0,5.0
193,188.45,2020-04-16 09:45:00+05:30,189.75,188.25,188.9,674200,45.58561594421857,188.96428571428572,-2.161048995861897,191.45965873029448,189.63999999999996,187.82034126970544,3.64,0.0,5.0
194,188.7,2020-04-16 09:55:00+05:30,189.4,188.0,188.35,552310,47.02025809979481,188.91428571428574,1.4346421555762419,191.44635988856743,189.58249999999995,187.71864011143248,3.73,0.0,5.0
195,188.7,2020-04-16 10:05:00+05:30,189.5,188.55,188.7,466934,47.02025809979481,188.7857142857143,0.0,191.39361354847537,189.50999999999993,187.6263864515245,3.77,0.0,5.0
196,189.4,2020-04-16 10:15:00+05:30,189.5,188.7,188.7,334710,51.1984721700802,188.66428571428577,4.178214070285392,191.35509319211567,189.48249999999996,187.60990680788424,3.75,-0.0,5.0
197,190.0,2020-04-16 10:25:00+05:30,191.2,189.35,189.4,1239100,54.510044568106025,188.93571428571434,3.311572398025824,191.22878547255854,189.44249999999994,187.65621452744134,3.57,-0.0,5.0
198,189.2,2020-04-16 10:35:00+05:30,190.2,189.05,190.0,548469,49.67031424277922,189.05000000000004,-4.839730325326805,190.94167417498144,189.34499999999994,187.74832582501844,3.19,-0.0,5.0
199,188.85,2020-04-16 10:45:00+05:30,189.25,188.5,189.25,557966,47.675940112366675,189.04285714285717,-1.9943741304125453,190.88136752122386,189.29249999999993,187.703632478776,3.18,-0.0,5.0
200,188.8,2020-04-16 10:55:00+05:30,189.2,188.6,188.8,552460,47.38324118383314,189.09285714285716,-0.2926989285335324,190.7993523592826,189.23249999999993,187.66564764071725,3.13,-0.0,5.0
201,188.85,2020-04-16 11:05:00+05:30,189.0,188.4,188.75,477981,47.72883718752767,189.1142857142857,0.34559600369452426,190.79878006817106,189.22749999999994,187.65621993182882,3.14,0.0,5.0
202,189.0,2020-04-16 11:15:00+05:30,189.15,188.6,188.85,588006,48.814995924682066,189.15714285714284,1.086158737154399,190.76777190518047,189.26749999999996,187.76722809481944,3.0,-0.0,5.0
203,188.55,2020-04-16 11:25:00+05:30,189.25,188.5,188.95,542593,45.744053178751614,189.03571428571425,-3.070942745930452,190.6191638779002,189.17749999999995,187.7358361220997,2.88,-0.0,5.0
204,188.3,2020-04-16 11:35:00+05:30,188.65,188.1,188.5,516906,44.084774752288766,188.79285714285712,-1.6592784264628477,190.2718487660413,189.045,187.81815123395867,2.45,-0.0,5.0
205,187.5,2020-04-16 11:45:00+05:30,188.35,187.5,188.3,721771,39.18637348433542,188.54999999999995,-4.898401267953346,190.25369455654263,188.92249999999999,187.59130544345734,2.66,0.0,5.0
206,188.35,2020-04-16 11:55:00+05:30,188.55,187.5,187.55,526419,46.04603548121816,188.47857142857137,6.859661996882743,190.12667530998863,188.8475,187.56832469001137,2.56,-0.0,5.0
207,188.65,2020-04-16 12:05:00+05:30,188.7,187.9,188.35,609161,48.26413261826271,188.45714285714283,2.218097137044545,190.1058521465256,188.8275,187.54914785347438,2.56,0.0,5.0
208,188.6,2020-04-16 12:15:00+05:30,189.0,188.3,188.6,665378,47.91060585662835,188.42142857142855,-0.35352676163435603,190.0058814768352,188.77749999999997,187.54911852316474,2.46,-0.0,5.0
209,188.5,2020-04-16 12:25:00+05:30,188.65,188.3,188.65,427330,47.166480777111545,188.34999999999997,-0.744125079516806,189.7080476671708,188.69,187.6719523328292,2.04,-0.0,5.0
210,187.6,2020-04-16 12:35:00+05:30,188.65,187.45,188.35,611896,40.99521018468354,188.2142857142857,-6.171270592428002,189.76528704388795,188.665,187.56471295611203,2.2,0.0,5.0
211,188.2,2020-04-16 12:45:00+05:30,188.25,187.55,187.6,482721,46.061962568682524,188.2,5.066752383998981,189.76897817232714,188.65499999999997,187.5410218276728,2.23,0.0,5.0
212,187.95,2020-04-16 12:55:00+05:30,188.2,187.75,188.2,406789,44.35297611193765,188.2642857142857,-1.7089864567448743,189.75791182557435,188.60749999999996,187.45708817442556,2.3,0.0,5.0
213,187.7,2020-04-16 13:05:00+05:30,188.15,187.55,187.95,476565,42.64890108576265,188.17142857142858,-1.7040750261749977,189.78888646334536,188.56999999999996,187.35111353665457,2.44,0.0,5.0
214,187.9,2020-04-16 13:15:00+05:30,187.95,187.65,187.65,502175,44.486452898272496,188.06428571428572,1.8375518125098438,189.78295440333733,188.52999999999997,187.27704559666262,2.51,0.0,5.0
215,187.7,2020-04-16 13:25:00+05:30,187.9,187.5,187.9,550043,43.00264492271603,187.9357142857143,-1.4838079755564664,189.78319445574093,188.47999999999996,187.176805544259,2.61,0.0,5.0
216,187.5,2020-04-16 13:35:00+05:30,187.7,187.3,187.65,478224,41.51155575374673,187.79285714285717,-1.491089168969303,189.68281192376782,188.38499999999996,187.0871880762321,2.6,-0.0,5.0
217,187.45,2020-04-16 13:45:00+05:30,187.5,187.2,187.5,532658,41.12761285257627,187.77142857142863,-0.3839429011704567,189.37589876138787,188.25749999999996,187.13910123861206,2.24,-0.0,5.0
218,187.35,2020-04-16 13:55:00+05:30,187.65,187.1,187.45,496501,40.32431009636551,187.65000000000003,-0.803302756210762,189.260973491804,188.16499999999996,187.06902650819592,2.19,-0.0,5.0
219,187.25,2020-04-16 14:05:00+05:30,187.4,187.15,187.35,426606,39.493585627195166,187.55,-0.8307244691703417,189.20378693705575,188.08499999999998,186.9662130629442,2.24,0.0,5.0
220,187.3,2020-04-16 14:15:00+05:30,187.65,187.2,187.25,478377,40.15741292156479,187.49285714285716,0.6638272943696251,189.1280810628743,188.00999999999996,186.89191893712564,2.24,0.0,5.0
221,187.35,2020-04-16 14:25:00+05:30,187.6,187.3,187.35,449942,40.856204341648315,187.41428571428568,0.6987914200835235,189.01647073347763,187.93499999999997,186.85352926652232,2.16,-0.0,5.0
222,186.75,2020-04-16 14:35:00+05:30,187.35,186.15,187.35,960866,35.49920320826023,187.2785714285714,-5.3570011333880885,188.90561198818386,187.82249999999996,186.73938801181606,2.17,0.0,5.0
223,186.6,2020-04-16 14:45:00+05:30,186.8,186.3,186.75,643624,34.28877137365937,187.14999999999995,-1.210431834600854,188.8809912583899,187.72499999999997,186.56900874161002,2.31,0.0,5.0
224,186.0,2020-04-16 14:55:00+05:30,186.6,185.45,186.6,1270398,29.89740297927763,186.9428571428571,-4.391368394381743,188.9655344644127,187.60999999999996,186.2544655355872,2.71,0.0,5.0
225,186.0,2020-04-16 15:05:00+05:30,186.3,185.85,186.1,1770223,29.89740297927763,186.74999999999997,0.0,189.0702352811283,187.53499999999994,185.99976471887157,3.07,0.0,5.0
226,187.0,2020-04-16 15:15:00+05:30,187.2,185.85,186.0,1897148,43.807866097845846,186.7142857142857,13.910463118568217,188.97022559388813,187.46749999999994,185.96477440611176,3.01,-0.0,5.0
227,187.15,2020-04-16 15:25:00+05:30,187.2,186.9,187.1,568502,45.553111452747544,186.69285714285712,1.745245354901698,188.79297924128252,187.39249999999996,185.9920207587174,2.8,-0.0,5.0
228,190.15,2020-04-17 09:15:00+05:30,190.8,188.9,190.45,1474791,67.376620808099,187.09285714285716,21.82350935535146,189.2671907903287,187.46999999999997,185.67280920967124,3.59,1.0,7.5
229,190.15,2020-04-17 09:25:00+05:30,190.35,189.5,190.1,2917517,67.376620808099,187.57857142857145,0.0,189.67145580043817,187.55249999999995,185.43354419956174,4.24,1.0,7.5
230,190.6,2020-04-17 09:35:00+05:30,190.7,189.55,190.25,529097,69.5031306990341,188.15000000000003,2.126509890935097,190.22241541211417,187.70249999999996,185.18258458788574,5.04,1.0,7.5
231,190.4,2020-04-17 09:45:00+05:30,190.85,190.35,190.6,442114,67.40030869024844,188.77857142857147,-2.1028220087856653,190.60155284809622,187.81249999999997,185.02344715190372,5.58,1.0,7.5
232,190.95,2020-04-17 09:55:00+05:30,191.4,190.0,190.4,903063,70.08108945629357,189.48571428571432,2.6807807660451317,191.08539929392543,187.96249999999998,184.83960070607452,6.25,1.0,7.5
233,190.2,2020-04-17 10:05:00+05:30,190.95,189.8,190.95,787227,62.52984669582936,189.9428571428572,-7.551242760464206,191.36258537454006,188.08749999999998,184.8124146254599,6.55,0.0,5.0
234,190.0,2020-04-17 10:15:00+05:30,190.35,189.8,190.2,678080,60.65302309732583,190.35000000000005,-1.8768235985035346,191.5751608959282,188.19249999999997,184.80983910407173,6.77,0.0,5.0
235,189.1,2020-04-17 10:25:00+05:30,190.15,188.9,190.0,867288,52.950959151530526,190.20000000000002,-7.702063945795302,191.66015786202323,188.2625,184.86484213797675,6.8,0.0,5.0
236,189.65,2020-04-17 10:35:00+05:30,190.3,188.95,189.25,665510,56.57967222148286,190.12857142857143,3.628713069952333,191.80195509724027,188.36999999999998,184.93804490275969,6.86,0.0,5.0
237,189.4,2020-04-17 10:45:00+05:30,189.65,189.1,189.55,567217,54.52127192293896,189.95714285714288,-2.0584002985439014,191.90020263326448,188.4675,185.03479736673552,6.87,0.0,5.0
238,189.45,2020-04-17 10:55:00+05:30,189.6,189.3,189.4,504328,54.874864070007916,189.8214285714286,0.3535921470689587,191.9897126221912,188.5725,185.15528737780878,6.83,-0.0,5.0
239,189.3,2020-04-17 11:05:00+05:30,189.6,189.25,189.45,475873,53.53024438397816,189.58571428571432,-1.344619686029759,192.04787945077697,188.675,185.30212054922305,6.75,-0.0,5.0
240,189.45,2020-04-17 11:15:00+05:30,189.55,189.25,189.3,563053,54.72497338376849,189.47857142857146,1.1947289997903354,192.1075682620614,188.78249999999997,185.45743173793855,6.65,-0.0,5.0
241,189.2,2020-04-17 11:25:00+05:30,189.45,188.85,189.35,670436,52.311037219054356,189.36428571428573,-2.413936164714137,192.13456083577296,188.87499999999997,185.61543916422698,6.52,-0.0,5.0
242,188.3,2020-04-17 11:35:00+05:30,189.2,188.25,189.2,556506,44.67163683305907,189.25000000000003,-7.6394003859952875,192.06993399879482,188.9525,185.83506600120515,6.23,-0.0,5.0
243,188.0,2020-04-17 11:45:00+05:30,188.35,187.8,188.3,588113,42.446429249651246,189.01428571428573,-2.2252075834078227,191.9760839068387,189.02249999999998,186.06891609316125,5.91,-0.0,5.0
244,187.3,2020-04-17 11:55:00+05:30,188.25,187.25,188.0,645763,37.72445989010781,188.71428571428572,-4.721969359543436,191.80912393473182,189.0875,186.3658760652682,5.44,-0.0,5.0
245,187.3,2020-04-17 12:05:00+05:30,187.5,186.95,187.3,778118,37.72445989010781,188.40714285714284,0.0,191.61323908452422,189.1525,186.69176091547578,4.92,-1.0,2.5
246,188.0,2020-04-17 12:15:00+05:30,188.5,187.1,187.3,713645,44.84098334330434,188.22142857142856,7.116523453196528,191.51527345467116,189.20250000000001,186.88972654532887,4.63,-0.0,5.0
247,187.95,2020-04-17 12:25:00+05:30,188.3,187.55,188.05,464242,44.45024931833643,188.00714285714284,-0.3907340249679052,191.43009059962756,189.2425,187.05490940037245,4.38,-0.0,5.0
248,188.2,2020-04-17 12:35:00+05:30,188.2,187.65,187.9,371235,46.93984764563663,187.8642857142857,2.4895983273002003,191.3361064256263,189.14499999999998,186.95389357437367,4.38,0.0,5.0
249,188.6,2020-04-17 12:45:00+05:30,188.7,188.1,188.3,486763,50.743618445846764,187.90714285714284,3.803770800210131,191.21820979715503,189.06749999999997,186.9167902028449,4.3,-0.0,5.0
250,188.4,2020-04-17 12:55:00+05:30,189.0,188.2,188.6,501274,48.85765548971785,187.96428571428572,-1.885962956128914,191.0005305147526,188.95749999999998,186.91446948524737,4.09,-0.0,5.0
251,188.35,2020-04-17 13:05:00+05:30,188.75,187.85,188.3,523910,48.37361139212602,188.1142857142857,-0.484044097591827,190.79648613722898,188.85499999999996,186.91351386277094,3.88,-0.0,5.0
252,188.0,2020-04-17 13:15:00+05:30,188.5,187.85,188.35,461478,45.011885963779434,188.21428571428572,-3.3617254283465883,190.41268558952876,188.70749999999998,187.0023144104712,3.41,-0.0,5.0
253,188.2,2020-04-17 13:25:00+05:30,188.3,187.85,187.95,351577,47.267071377232924,188.24285714285716,2.255185413453489,190.17300815694887,188.6075,187.0419918430511,3.13,-0.0,5.0
254,187.8,2020-04-17 13:35:00+05:30,188.25,187.75,188.15,400750,43.43066513619572,188.22142857142856,-3.836406241037203,189.95658226383276,188.4975,187.03841773616725,2.92,-0.0,5.0
255,187.95,2020-04-17 13:45:00+05:30,188.25,187.8,187.8,368404,45.22604338249711,188.18571428571428,1.7953782463013894,189.88971866599215,188.44,186.99028133400785,2.9,-0.0,5.0
256,188.0,2020-04-17 13:55:00+05:30,188.4,187.85,187.95,449566,45.843053779987784,188.1,0.6170103974906738,189.7012085366919,188.3575,187.01379146330808,2.69,-0.0,5.0
257,188.0,2020-04-17 14:05:00+05:30,188.2,187.95,188.0,364139,45.843053779987784,188.04285714285714,0.0,189.54568373689582,188.28749999999997,187.0293162631041,2.52,-0.0,5.0
258,188.6,2020-04-17 14:15:00+05:30,188.7,187.8,188.0,548090,53.18270319759359,188.07857142857142,7.339649417605806,189.3901959152085,188.24499999999998,187.09980408479146,2.29,-0.0,5.0
259,187.8,2020-04-17 14:25:00+05:30,188.7,187.8,188.55,498884,44.519227050995426,188.04999999999998,-8.663476146598164,189.21649791912674,188.17,187.12350208087324,2.09,-0.0,5.0
260,187.95,2020-04-17 14:35:00+05:30,188.2,187.65,187.85,580924,46.286057051349545,188.0142857142857,1.766830000354119,188.95333375915493,188.09499999999997,187.236666240845,1.72,-0.0,5.0
261,187.9,2020-04-17 14:45:00+05:30,188.3,187.65,188.0,594594,45.76290340006622,188.02857142857144,-0.523153651283323,188.71548868469284,188.03,187.34451131530716,1.37,-0.0,5.0
262,188.2,2020-04-17 14:55:00+05:30,188.2,187.85,187.9,739936,49.45436745597823,188.06428571428572,3.6914640559120073,188.70362089253814,188.02499999999998,187.34637910746181,1.36,-0.0,5.0
263,188.45,2020-04-17 15:05:00+05:30,188.7,187.95,188.2,1204791,52.36401761181532,188.12857142857143,2.9096501558370917,188.75197815699562,188.04749999999996,187.3430218430043,1.41,0.0,5.0
264,188.1,2020-04-17 15:15:00+05:30,188.45,187.7,188.45,1762630,48.182276228353494,188.14285714285714,-4.1817413834618264,188.69782778078647,188.08749999999995,187.47717221921343,1.22,-0.0,5.0
265,188.2,2020-04-17 15:25:00+05:30,188.3,187.9,188.05,608776,49.42500596282589,188.08571428571432,1.2427297344723982,188.61837956055814,188.13249999999994,187.64662043944173,0.97,-0.0,5.0
266,186.45,2020-04-20 09:15:00+05:30,189.95,185.9,189.95,1165703,34.039683488273596,187.89285714285717,-15.385322474552297,188.95113203914303,188.05499999999992,187.1588679608568,1.79,1.0,7.5
267,185.3,2020-04-20 09:25:00+05:30,186.65,185.2,186.45,1040222,27.89463828063903,187.51428571428573,-6.145045207634567,189.4472001430824,187.92249999999996,186.39779985691752,3.05,1.0,7.5
268,185.2,2020-04-20 09:35:00+05:30,185.95,184.6,185.4,913571,27.43090680271473,187.12857142857143,-0.4637314779242985,189.7152259741214,187.77249999999995,185.8297740258785,3.89,1.0,7.5
269,184.8,2020-04-20 09:45:00+05:30,185.5,184.7,185.1,677909,25.597778771075284,186.64285714285714,-1.833128031639447,189.89295108377692,187.58249999999995,185.27204891622299,4.62,1.0,7.5
270,184.85,2020-04-20 09:55:00+05:30,185.0,184.1,184.7,737292,26.261130409207524,186.1285714285714,0.6633516381322409,189.9811864921051,187.40499999999994,184.82881350789478,5.15,1.0,7.5
271,184.1,2020-04-20 10:05:00+05:30,184.9,184.0,184.9,603923,22.955058796569986,185.55714285714285,-3.3060716126375382,190.11793743917482,187.19249999999994,184.26706256082505,5.85,1.0,7.5
272,182.85,2020-04-20 10:15:00+05:30,184.15,182.4,184.1,1824782,18.72414426858853,184.79285714285712,-4.230914527981454,190.41518450811532,186.93499999999995,183.45481549188457,6.96,1.0,7.5
273,182.85,2020-04-20 10:25:00+05:30,183.6,182.75,182.85,1144786,18.72414426858853,184.27857142857138,0.0,190.5387537068962,186.66749999999996,182.79624629310374,7.74,1.0,7.5
274,181.75,2020-04-20 10:35:00+05:30,183.0,180.65,182.85,3108290,15.759627970026983,183.77142857142852,-2.9645162985615485,190.7720637079937,186.36499999999995,181.9579362920062,8.81,1.0,7.5
275,182.35,2020-04-20 10:45:00+05:30,182.4,181.6,181.8,811870,22.92756516671072,183.36428571428564,7.167937196683738,190.77082408637162,186.08499999999995,181.39917591362828,9.37,1.0,7.5
276,182.35,2020-04-20 10:55:00+05:30,182.6,181.85,182.4,827351,22.92756516671072,183.01428571428565,0.0,190.67956501472904,185.80249999999995,180.92543498527087,9.75,0.0,5.0
277,181.55,2020-04-20 11:05:00+05:30,182.45,181.5,182.35,810233,20.261593026851017,182.54285714285706,-2.6659721398597043,190.59256450223106,185.47999999999996,180.36743549776887,10.23,0.0,5.0
278,181.05,2020-04-20 11:15:00+05:30,181.55,181.0,181.5,1080379,18.790937941333326,182.1071428571428,-1.4706550855176914,190.35802090662756,185.10249999999996,179.84697909337237,10.51,0.0,5.0
279,180.3,2020-04-20 11:25:00+05:30,181.15,180.1,181.05,1195216,16.818918266123433,181.74285714285708,-1.9720196752098929,190.23677208870353,184.72749999999996,179.2182279112964,11.02,1.0,7.5
280,180.45,2020-04-20 11:35:00+05:30,180.6,179.55,180.3,1631336,18.657549842341012,181.39999999999995,1.8386315762175798,189.9583686354475,184.35249999999996,178.74663136455243,11.21,0.0,5.0
281,180.3,2020-04-20 11:45:00+05:30,180.6,179.7,180.35,700133,18.223746884842953,181.1928571428571,-0.4338029574980595,189.5961787922048,183.97249999999997,178.34882120779514,11.25,0.0,5.0
282,180.25,2020-04-20 11:55:00+05:30,180.5,180.1,180.35,507244,18.072902471032535,180.8928571428571,-0.15084441381041813,189.06273752633032,183.575,178.08726247366965,10.98,-0.0,5.0
283,179.85,2020-04-20 12:05:00+05:30,180.75,179.85,180.25,682989,16.86986841320909,180.53571428571425,-1.2030340578234444,188.3655968604123,183.14499999999998,177.92440313958767,10.44,-1.0,2.5
284,180.5,2020-04-20 12:15:00+05:30,180.6,179.8,180.0,497985,25.543315968994406,180.38571428571427,8.673447555785316,187.55568174469423,182.765,177.97431825530575,9.58,-1.0,2.5
285,180.4,2020-04-20 12:25:00+05:30,181.2,180.4,180.5,809435,25.10926707715612,180.29285714285714,-0.43404889183828743,186.53059230055362,182.375,178.21940769944638,8.31,-1.0,2.5
286,180.1,2020-04-20 12:35:00+05:30,180.55,180.05,180.5,598834,23.802523663409687,180.2642857142857,-1.3067434137464318,185.857261072821,182.0575,178.25773892717902,7.6,-1.0,2.5
287,180.3,2020-04-20 12:45:00+05:30,180.45,180.0,180.05,538457,26.54699851118302,180.2428571428571,2.7444748477733327,185.35881925079286,181.8075,178.25618074920715,7.1,-0.0,5.0
288,180.4,2020-04-20 12:55:00+05:30,180.75,180.3,180.35,473281,27.944462789501145,180.25714285714284,1.3974642783181253,184.78673086597104,181.56750000000002,178.348269134029,6.44,-1.0,2.5
289,180.25,2020-04-20 13:05:00+05:30,180.5,180.1,180.3,528276,27.111248650479666,180.25714285714284,-0.8332141390214787,184.22290788870131,181.34,178.4570921112987,5.77,-1.0,2.5
290,180.25,2020-04-20 13:15:00+05:30,180.35,179.65,180.25,1102368,27.111248650479666,180.31428571428572,0.0,183.50684002496257,181.11,178.71315997503746,4.79,-1.0,2.5
291,180.0,2020-04-20 13:25:00+05:30,180.5,179.8,180.15,962178,25.63386568670103,180.24285714285716,-1.4773829637786378,182.89124215410317,180.90500000000003,178.9187578458969,3.97,-1.0,2.5
292,180.1,2020-04-20 13:35:00+05:30,180.2,179.75,180.05,468109,27.33950268194934,180.2,1.7056369952483124,182.5579057170313,180.7675,178.97709428296872,3.58,-0.0,5.0
293,180.05,2020-04-20 13:45:00+05:30,180.2,179.85,180.2,489738,27.005979502650504,180.19285714285712,-0.3335231792988367,182.1501275765405,180.62750000000003,179.10487242345954,3.05,-1.0,2.5
294,180.0,2020-04-20 13:55:00+05:30,180.1,179.85,180.0,415385,26.65578321107469,180.15,-0.3501962915758128,181.9904445779428,180.54000000000002,179.08955542205723,2.9,-0.0,5.0
295,180.05,2020-04-20 14:05:00+05:30,180.15,179.85,180.0,449104,27.66591785823087,180.09999999999997,1.0101346471561783,181.61199088809502,180.42500000000004,179.23800911190506,2.37,-1.0,2.5
296,180.55,2020-04-20 14:15:00+05:30,180.6,179.9,180.05,919651,37.00874542841708,180.1428571428571,9.34282757018621,181.10830459716698,180.33500000000006,179.56169540283315,1.55,-1.0,2.5
297,180.95,2020-04-20 14:25:00+05:30,181.45,180.5,180.6,1142467,43.316394142359144,180.2428571428571,6.307648713942065,180.90753848970706,180.30500000000004,179.702461510293,1.21,-0.0,5.0
298,181.2,2020-04-20 14:35:00+05:30,181.9,180.75,181.05,1519451,46.895567340149114,180.41428571428568,3.57917319778997,180.95639848823973,180.31250000000003,179.66860151176033,1.29,0.0,5.0
299,180.9,2020-04-20 14:45:00+05:30,181.2,180.6,181.15,846852,43.35758049712909,180.52857142857144,-3.537986843020022,181.03780379577603,180.34250000000003,179.64719620422403,1.39,0.0,5.0
300,180.7,2020-04-20 14:55:00+05:30,181.4,180.7,180.9,1076984,41.1297900556554,180.6214285714286,-2.2277904414736938,181.06722409246964,180.35500000000002,179.6427759075304,1.42,0.0,5.0
301,180.95,2020-04-20 15:05:00+05:30,181.0,180.35,180.7,1351245,44.93828782401862,180.7571428571429,3.8084977683632246,181.14691459448395,180.3875,179.62808540551603,1.52,0.0,5.0
302,180.45,2020-04-20 15:15:00+05:30,181.15,180.0,180.95,1534972,39.44241917974123,180.81428571428575,-5.495868644277394,181.15455454159314,180.39749999999998,179.64044545840682,1.51,-0.0,5.0
303,180.9,2020-04-20 15:25:00+05:30,180.95,180.45,180.45,527169,45.85991968024725,180.86428571428578,6.417500500506023,181.19268361188858,180.45,179.7073163881114,1.49,-0.0,5.0
