open,high,low,close,adjclose,volume,ticker,RSI_14,sma_7,RSI_Trend,ub,mb,lb,ub_tren,lb_tren,3_ub_point,3_lb_point,divergence_angle,divergence_col,rsi_indication
56.20000076293945,60.0,56.0,56.599998474121094,56.599998474121094,13573.0,63MOONS.NS,11.821250766817997,0.0,0.0,,,,,,"nan,nan,nan","nan,nan,nan",,,1
open,high,low,close,adjclose,volume,ticker,RSI_14,sma_7,RSI_Trend,ub,mb,lb,ub_tren,lb_tren,3_ub_point,3_lb_point,divergence_angle,divergence_col,rsi_indication
22.549999237060547,23.700000762939453,22.549999237060547,22.549999237060547,22.549999237060547,60058.0,8KMILES.NS,3.341597253847169,23.707143238612584,-1.106239968969632,29.9082224905098,25.822500038146973,21.736777585784147,-0.0,-0.0,"30.445838962168096,30.160744795105344,29.9082224905098","22.374161114125847,22.12925535748255,21.736777585784147",0.8490661219212257,,1
open,high,low,close,adjclose,volume,ticker,RSI_14,sma_7,RSI_Trend,ub,mb,lb,ub_tren,lb_tren,3_ub_point,3_lb_point,divergence_angle,divergence_col,rsi_indication
739.0,765.0,723.0,740.3499755859375,740.3499755859375,196407.0,AARTIDRUGS.NS,72.43864919914607,682.4714268275669,1.914976327902835,783.6714998467762,609.8899932861328,436.10848672548946,15.0,11.0,"754.9156157927785,768.511900857739,783.6714998467762","412.7443726105419,425.2180887662843,436.10848672548946",6.585111442086202,,0
open,high,low,close,adjclose,volume,ticker,RSI_14,sma_7,RSI_Trend,ub,mb,lb,ub_tren,lb_tren,3_ub_point,3_lb_point,divergence_angle,divergence_col,rsi_indication
123.4000015258789,123.4000015258789,115.19999694824219,115.94999694824219,115.94999694824219,1085898.0,ABFRL.NS,19.83416982202904,127.42856924874442,-1.1003370538377624,176.49950190823233,144.27999954223634,112.06049717624035,-2.0,-4.0,"178.04739898150967,178.2498252178072,176.49950190823233","119.9825997977872,115.71517417184123,112.06049717624035",13.946547174475114,,1
open,high,low,close,adjclose,volume,ticker,RSI_14,sma_7,RSI_Trend,ub,mb,lb,ub_tren,lb_tren,3_ub_point,3_lb_point,divergence_angle,divergence_col,rsi_indication
13.0,13.0,13.0,13.0,13.0,0.0,ABMINTLTD.NS,1.2256504489236875,13.321428435189384,0.0,13.682013865987903,13.404999828338623,13.127985790689342,0.0,-0.0,"13.450000126565062,13.628745851477897,13.682013865987903","13.449999491965212,13.226253786125865,13.127985790689342",1.255698670008087,,1
open,high,low,close,adjclose,volume,ticker,RSI_14,sma_7,RSI_Trend,ub,mb,lb,ub_tren,lb_tren,3_ub_point,3_lb_point,divergence_angle,divergence_col,rsi_indication
56.20000076293945,60.0,56.0,56.599998474121094,56.599998474121094,13573.0,63MOONS.NS,11.821250766817997,0.0,0.0,,,,,,"nan,nan,nan","nan,nan,nan",,,1
open,high,low,close,adjclose,volume,ticker,RSI_14,sma_7,RSI_Trend,ub,mb,lb,ub_tren,lb_tren,3_ub_point,3_lb_point,divergence_angle,divergence_col,rsi_indication
22.549999237060547,23.700000762939453,22.549999237060547,22.549999237060547,22.549999237060547,60058.0,8KMILES.NS,3.341597253847169,23.707143238612584,-1.106239968969632,29.9082224905098,25.822500038146973,21.736777585784147,-0.0,-0.0,"30.445838962168096,30.160744795105344,29.9082224905098","22.374161114125847,22.12925535748255,21.736777585784147",0.8490661219212257,,1
open,high,low,close,adjclose,volume,ticker,RSI_14,sma_7,RSI_Trend,ub,mb,lb,ub_tren,lb_tren,3_ub_point,3_lb_point,divergence_angle,divergence_col,rsi_indication
739.0,765.0,723.0,740.3499755859375,740.3499755859375,196407.0,AARTIDRUGS.NS,72.43864919914607,682.4714268275669,1.914976327902835,783.6714998467762,609.8899932861328,436.10848672548946,15.0,11.0,"754.9156157927785,768.511900857739,783.6714998467762","412.7443726105419,425.2180887662843,436.10848672548946",6.585111442086202,,0
open,high,low,close,adjclose,volume,ticker,RSI_14,sma_7,RSI_Trend,ub,mb,lb,ub_tren,lb_tren,3_ub_point,3_lb_point,divergence_angle,divergence_col,rsi_indication
123.4000015258789,123.4000015258789,115.19999694824219,115.94999694824219,115.94999694824219,1085898.0,ABFRL.NS,19.83416982202904,127.42856924874442,-1.1003370538377624,176.49950190823233,144.27999954223634,112.06049717624035,-2.0,-4.0,"178.04739898150967,178.2498252178072,176.49950190823233","119.9825997977872,115.71517417184123,112.06049717624035",13.946547174475114,,1
open,high,low,close,adjclose,volume,ticker,RSI_14,sma_7,RSI_Trend,ub,mb,lb,ub_tren,lb_tren,3_ub_point,3_lb_point,divergence_angle,divergence_col,rsi_indication
13.0,13.0,13.0,13.0,13.0,0.0,ABMINTLTD.NS,1.2256504489236875,13.321428435189384,0.0,13.682013865987903,13.404999828338623,13.127985790689342,0.0,-0.0,"13.450000126565062,13.628745851477897,13.682013865987903","13.449999491965212,13.226253786125865,13.127985790689342",1.255698670008087,,1
open,high,low,close,adjclose,volume,ticker,RSI_14,sma_7,RSI_Trend,ub,mb,lb,ub_tren,lb_tren,3_ub_point,3_lb_point,divergence_angle,divergence_col,rsi_indication
56.20000076293945,60.0,56.0,56.599998474121094,56.599998474121094,13573.0,63MOONS.NS,11.821250766817997,0.0,0.0,,,,,,"nan,nan,nan","nan,nan,nan",,,1
open,high,low,close,adjclose,volume,ticker,RSI_14,sma_7,RSI_Trend,ub,mb,lb,ub_tren,lb_tren,3_ub_point,3_lb_point,divergence_angle,divergence_col,rsi_indication
22.549999237060547,23.700000762939453,22.549999237060547,22.549999237060547,22.549999237060547,60058.0,8KMILES.NS,3.341597253847169,23.707143238612584,-1.106239968969632,29.9082224905098,25.822500038146973,21.736777585784147,-0.0,-0.0,"30.445838962168096,30.160744795105344,29.9082224905098","22.374161114125847,22.12925535748255,21.736777585784147",0.8490661219212257,,1
open,high,low,close,adjclose,volume,ticker,RSI_14,sma_7,RSI_Trend,ub,mb,lb,ub_tren,lb_tren,3_ub_point,3_lb_point,divergence_angle,divergence_col,rsi_indication
739.0,762.8499755859375,723.0,740.3499755859375,740.3499755859375,196407.0,AARTIDRUGS.NS,72.43864919914607,682.4714268275669,1.914976327902835,783.6714998467762,609.8899932861328,436.10848672548946,15.0,11.0,"754.9156157927785,768.511900857739,783.6714998467762","412.7443726105419,425.2180887662843,436.10848672548946",6.585111442086202,,0
open,high,low,close,adjclose,volume,ticker,RSI_14,sma_7,RSI_Trend,ub,mb,lb,ub_tren,lb_tren,3_ub_point,3_lb_point,divergence_angle,divergence_col,rsi_indication
123.4000015258789,123.4000015258789,115.19999694824219,115.94999694824219,115.94999694824219,1085898.0,ABFRL.NS,19.83416982202904,127.42856924874442,-1.1003370538377624,176.49950190823233,144.27999954223634,112.06049717624035,-2.0,-4.0,"178.04739898150967,178.2498252178072,176.49950190823233","119.9825997977872,115.71517417184123,112.06049717624035",13.946547174475114,,1
open,high,low,close,adjclose,volume,ticker,RSI_14,sma_7,RSI_Trend,ub,mb,lb,ub_tren,lb_tren,3_ub_point,3_lb_point,divergence_angle,divergence_col,rsi_indication
13.0,13.0,13.0,13.0,13.0,0.0,ABMINTLTD.NS,1.2256504489236875,13.321428435189384,0.0,13.682013865987903,13.404999828338623,13.127985790689342,0.0,-0.0,"13.450000126565062,13.628745851477897,13.682013865987903","13.449999491965212,13.226253786125865,13.127985790689342",1.255698670008087,,1
open,high,low,close,adjclose,volume,ticker,RSI_14,sma_7,RSI_Trend,ub,mb,lb,ub_tren,lb_tren,3_ub_point,3_lb_point,divergence_angle,divergence_col,rsi_indication
5.800000190734863,5.800000190734863,5.800000190734863,5.800000190734863,5.800000190734863,116714.0,AKSHOPTFBR.NS,77.24644777518871,5.092857224600656,2.370848806734344,5.930518691279636,3.96500004529953,1.9994813993194238,0.0,-0.0,"5.348353923929549,5.637864674684709,5.930518691279636","2.04164613329091,2.002135406377607,1.9994813993194238",0.04668562168168933,,0
open,high,low,close,adjclose,volume,ticker,RSI_14,sma_7,RSI_Trend,ub,mb,lb,ub_tren,lb_tren,3_ub_point,3_lb_point,divergence_angle,divergence_col,rsi_indication
18.200000762939453,18.200000762939453,18.200000762939453,18.200000762939453,18.200000762939453,27250.0,ALANKIT.NS,78.81329912933693,16.150000163487025,2.543833531596775,18.6484146248224,13.319999980926514,7.991585337030629,1.0,0.0,"17.455164920715834,18.02198933572853,18.6484146248224","7.374834907622787,7.678010568904039,7.991585337030629",0.21740705173431252,,0
open,high,low,close,adjclose,volume,ticker,RSI_14,sma_7,RSI_Trend,ub,mb,lb,ub_tren,lb_tren,3_ub_point,3_lb_point,divergence_angle,divergence_col,rsi_indication
495.0,512.0,479.0,484.3999938964844,484.3999938964844,78740.0,ALBERTDAVD.NS,71.09914978921537,440.7714276994978,-2.9322262100345995,502.5202450562537,377.6699966430664,252.81974822987905,15.0,4.0,"467.97422367968113,487.420850813039,502.5202450562537","246.8207714375063,249.1791430834454,252.81974822987905",12.860729707598495,,0
open,high,low,close,adjclose,volume,ticker,RSI_14,sma_7,RSI_Trend,ub,mb,lb,ub_tren,lb_tren,3_ub_point,3_lb_point,divergence_angle,divergence_col,rsi_indication
1.9500000476837158,1.9500000476837158,1.899999976158142,1.9500000476837158,1.9500000476837158,90687.0,ALCHEM.NS,89.85579125594462,1.8000000034059798,0.8662506955853786,2.0309693645101157,1.4950000047683716,0.9590306450266275,0.0,0.0,"1.9050053675091094,1.9710759743831345,2.0309693645101157","0.9249946396434479,0.933924032769423,0.9590306450266275",-0.05445247368948003,,0
open,high,low,close,adjclose,volume,ticker,RSI_14,sma_7,RSI_Trend,ub,mb,lb,ub_tren,lb_tren,3_ub_point,3_lb_point,divergence_angle,divergence_col,rsi_indication
52.54999923706055,55.0,52.5,53.04999923706055,53.04999923706055,748858.0,ALEMBICLTD.NS,70.36886628497257,48.285714285714285,0.7322753450703772,54.702292862748216,43.19500026702881,31.687707671309404,1.0,0.0,"52.36097141311977,53.32236369490438,54.702292862748216","30.04902919723179,31.317636839153234,31.687707671309404",7.297076038992259,,0
open,high,low,close,adjclose,volume,ticker,RSI_14,sma_7,RSI_Trend,ub,mb,lb,ub_tren,lb_tren,3_ub_point,3_lb_point,divergence_angle,divergence_col,rsi_indication
1675.0,1950.0,1662.25,1921.9000244140625,1921.9000244140625,151405.0,ALKYLAMINE.NS,71.73206501298415,1649.0928606305804,8.406558761211258,1843.5655635642358,1394.4175048828124,945.269446201389,103.0,-29.0,"1702.3984843791386,1740.5243306716843,1843.5655635642358","957.281532710705,974.6856790939405,945.269446201389",140.38655014790848,,0
open,high,low,close,adjclose,volume,ticker,RSI_14,sma_7,RSI_Trend,ub,mb,lb,ub_tren,lb_tren,3_ub_point,3_lb_point,divergence_angle,divergence_col,rsi_indication
11.100000381469727,11.5,11.100000381469727,11.100000381469727,11.100000381469727,2269.0,ALMONDZ.NS,23.299501620697967,12.192857197352819,-2.3252661642494985,17.823135602437063,14.245000076293945,10.666864550150825,0.0,-1.0,"17.639314672746664,17.726551745991912,17.823135602437063","11.615685441694254,11.173448349375517,10.666864550150825",0.23901542030094447,,1
open,high,low,close,adjclose,volume,ticker,RSI_14,sma_7,RSI_Trend,ub,mb,lb,ub_tren,lb_tren,3_ub_point,3_lb_point,divergence_angle,divergence_col,rsi_indication
7.699999809265137,7.699999809265137,7.0,7.0,7.0,26376065.0,ALOKINDS.NS,71.6833410425414,6.6285713740757535,-5.784501810145514,7.521826498058816,5.334999978542328,3.148173459025839,0.0,-0.0,"6.9119408290423765,7.278362216540793,7.521826498058816","3.3380590994320505,3.186637721470377,3.148173459025839",1.1690483843695745,,0
open,high,low,close,adjclose,volume,ticker,RSI_14,sma_7,RSI_Trend,ub,mb,lb,ub_tren,lb_tren,3_ub_point,3_lb_point,divergence_angle,divergence_col,rsi_indication
184.0,192.89999389648438,177.0,184.8000030517578,184.8000030517578,9848,ANDHRAPAP.NS,80.82800949180854,188.50000217982702,0.0,,,,,,"nan,nan,nan","nan,nan,nan",,,0
open,high,low,close,adjclose,volume,ticker,RSI_14,sma_7,RSI_Trend,ub,mb,lb,ub_tren,lb_tren,3_ub_point,3_lb_point,divergence_angle,divergence_col,rsi_indication
5.400000095367432,5.650000095367432,5.400000095367432,5.650000095367432,5.650000095367432,23392.0,ANSALAPI.NS,76.06984487979355,4.971428598676409,2.9072642997064406,5.528734715312215,4.190000009536743,2.851265303761272,0.0,-0.0,"5.007575623260949,5.259037473236498,5.528734715312215","3.002424367202308,2.915962526763502,2.851265303761272",0.046624054007423865,,0
open,high,low,close,adjclose,volume,ticker,RSI_14,sma_7,RSI_Trend,ub,mb,lb,ub_tren,lb_tren,3_ub_point,3_lb_point,divergence_angle,divergence_col,rsi_indication
779.0,839.0,765.0,817.2999877929688,817.2999877929688,2270537.0,APLLTD.NS,76.30305060272863,681.0785696847098,4.164177302733833,781.7134468521713,617.3099960327148,452.90654521325837,37.0,-6.0,"724.3318156491614,744.4086187095581,781.7134468521713","447.10317580591663,458.5063745765747,452.90654521325837",89.3331129360781,divergence,0
open,high,low,close,adjclose,volume,ticker,RSI_14,sma_7,RSI_Trend,ub,mb,lb,ub_tren,lb_tren,3_ub_point,3_lb_point,divergence_angle,divergence_col,rsi_indication
1.399999976158142,1.4500000476837158,1.350000023841858,1.4500000476837158,1.4500000476837158,33635.0,ARCOTECH.NS,74.73714424023237,1.3714285748345512,2.211932246600199,1.5679080061206998,1.0775000035762787,0.5870920010318577,0.0,0.0,"1.4711880688799146,1.5207368966193877,1.5679080061206998","0.5538119370805499,0.564263105764798,0.5870920010318577",-0.09801239876591694,,0
open,high,low,close,adjclose,volume,ticker,RSI_14,sma_7,RSI_Trend,ub,mb,lb,ub_tren,lb_tren,3_ub_point,3_lb_point,divergence_angle,divergence_col,rsi_indication
9.0,9.550000190734863,9.0,9.550000190734863,9.550000190734863,187.0,ARENTERP.NS,25.43026768866784,9.700000081743513,8.659756582158806,14.245734676525391,11.437499904632569,8.629265132739746,-0.0,-0.0,"14.24777451206855,14.302573388346094,14.245734676525391","9.29222516368218,8.882426363698585,8.629265132739746",1.3542754035563007,,1
open,high,low,close,adjclose,volume,ticker,RSI_14,sma_7,RSI_Trend,ub,mb,lb,ub_tren,lb_tren,3_ub_point,3_lb_point,divergence_angle,divergence_col,rsi_indication
44.29999923706055,45.04999923706055,43.75,44.45000076293945,44.45000076293945,37050.0,ASHIANA.NS,20.059750827152612,45.27142824445452,2.9679660369410072,52.715777237116875,47.64999942779541,42.58422161847394,0.0,-0.0,"52.66001487092807,52.62515978453566,52.715777237116875","43.4949839083688,42.904838994761214,42.58422161847394",2.078429631048465,,1
open,high,low,close,adjclose,volume,ticker,RSI_14,sma_7,RSI_Trend,ub,mb,lb,ub_tren,lb_tren,3_ub_point,3_lb_point,divergence_angle,divergence_col,rsi_indication
5.050000190734863,5.050000190734863,5.050000190734863,5.050000190734863,5.050000190734863,4538.0,ATLANTA.NS,77.41958050085799,4.457142898014614,2.322298493804368,5.107353188469031,3.5450000166893005,1.9826468449095698,0.0,-0.0,"4.604679398607732,4.852783108960074,5.107353188469031","2.0903206300024975,2.022216914881784,1.9826468449095698",0.01801154344454403,,0
open,high,low,close,adjclose,volume,ticker,RSI_14,sma_7,RSI_Trend,ub,mb,lb,ub_tren,lb_tren,3_ub_point,3_lb_point,divergence_angle,divergence_col,rsi_indication
630.0,642.9500122070312,622.0,633.7999877929688,633.7999877929688,7392107.0,AUROPHARMA.NS,71.66179230609914,608.2285766601562,0.8899108274657976,700.4092008601611,491.44250335693357,282.475805853706,14.0,17.0,"672.4115910259281,686.1938795514059,700.4092008601611","246.73341629829068,265.92612777281283,282.475805853706",4.279231608030955,,0
open,high,low,close,adjclose,volume,ticker,RSI_14,sma_7,RSI_Trend,ub,mb,lb,ub_tren,lb_tren,3_ub_point,3_lb_point,divergence_angle,divergence_col,rsi_indication
19.100000381469727,19.100000381469727,18.0,18.799999237060547,18.799999237060547,29653.0,AUTOIND.NS,76.08529026429032,16.58571434020996,1.8453822992862996,19.14693601049784,12.942500019073487,6.738064027649134,1.0,-0.0,"17.165959350487498,18.16820759118621,19.14693601049784","7.1590406495125,6.881792504181221,6.738064027649134",0.7159688959547736,,0
open,high,low,close,adjclose,volume,ticker,RSI_14,sma_7,RSI_Trend,ub,mb,lb,ub_tren,lb_tren,3_ub_point,3_lb_point,divergence_angle,divergence_col,rsi_indication
20.350000381469727,20.350000381469727,20.350000381469727,20.350000381469727,20.350000381469727,3434.0,BAFNAPH.NS,99.99956839401975,20.21428598676409,0.0,23.53977507098613,16.72250008583069,9.905225100675247,0.0,1.0,"23.08170164625199,23.35987797385208,23.53977507098613","8.34329844911544,9.100122159662325,9.905225100675247",0.6555686576283506,,0
open,high,low,close,adjclose,volume,ticker,RSI_14,sma_7,RSI_Trend,ub,mb,lb,ub_tren,lb_tren,3_ub_point,3_lb_point,divergence_angle,divergence_col,rsi_indication
4.900000095367432,4.900000095367432,4.800000190734863,4.900000095367432,4.900000095367432,1256730.0,BAJAJHIND.NS,75.7448034808915,4.321428571428571,2.410044518473711,5.007220556371053,3.4,1.792779443628947,0.0,-0.0,"4.529229831566229,4.76690133354419,5.007220556371053","1.8307701827388858,1.7980986521506952,1.792779443628947",-0.010631786727287817,,0
open,high,low,close,adjclose,volume,ticker,RSI_14,sma_7,RSI_Trend,ub,mb,lb,ub_tren,lb_tren,3_ub_point,3_lb_point,divergence_angle,divergence_col,rsi_indication
405.0,455.0,397.29998779296875,443.54998779296875,443.54998779296875,357984.0,BALAMINES.NS,72.2962720388546,380.8499973842076,4.801746862876314,438.38578066964277,312.45249938964844,186.5192181096541,21.0,1.0,"402.8373836772396,417.0552972816409,438.38578066964277","181.30261723828778,185.9997030235349,186.5192181096541",32.02205046308296,,0
open,high,low,close,adjclose,volume,ticker,RSI_14,sma_7,RSI_Trend,ub,mb,lb,ub_tren,lb_tren,3_ub_point,3_lb_point,divergence_angle,divergence_col,rsi_indication
13.899999618530273,13.899999618530273,13.300000190734863,13.899999618530273,13.899999618530273,14402.0,BALKRISHNA.NS,71.4906712311003,12.614285605294365,3.3636698084525563,14.261088430138841,10.152499961853028,6.043911493567216,1.0,-0.0,"13.104266298276197,13.642579036819757,14.261088430138841","6.320733701723803,6.1724209250332684,6.043911493567216",0.3890940568601593,,0
open,high,low,close,adjclose,volume,ticker,RSI_14,sma_7,RSI_Trend,ub,mb,lb,ub_tren,lb_tren,3_ub_point,3_lb_point,divergence_angle,divergence_col,rsi_indication
68.9000015258789,70.5999984741211,66.0999984741211,66.8499984741211,66.8499984741211,4695.0,BANSWRAS.NS,28.891219261882483,68.62142944335938,-0.8455643391615126,74.07082255162663,70.19500045776367,66.3191783639007,0.0,-0.0,"74.17709254465277,73.89172250909273,74.07082255162663","67.0729082182867,66.78327825384672,66.3191783639007",3.4781189478704277,,1
open,high,low,close,adjclose,volume,ticker,RSI_14,sma_7,RSI_Trend,ub,mb,lb,ub_tren,lb_tren,3_ub_point,3_lb_point,divergence_angle,divergence_col,rsi_indication
5.0,5.099999904632568,4.650000095367432,5.099999904632568,5.099999904632568,1681136.0,BCG.NS,73.59879433773291,4.371428523744855,5.600334875651811,5.010693758385302,3.8449999690055847,2.6793061796258675,0.0,-0.0,"4.64531783674259,4.787709968867675,5.010693758385302","2.724682096500208,2.7122899834486085,2.6793061796258675",0.3972774231313565,,0
open,high,low,close,adjclose,volume,ticker,RSI_14,sma_7,RSI_Trend,ub,mb,lb,ub_tren,lb_tren,3_ub_point,3_lb_point,divergence_angle,divergence_col,rsi_indication
14.399999618530273,14.399999618530273,14.399999618530273,14.399999618530273,14.399999618530273,7955.0,BIOFILCHEM.NS,87.86475355204234,12.571428435189384,1.5120509513705542,14.60473122533919,9.754999923706055,4.905268622072921,1.0,0.0,"13.161805129208917,13.870319079387514,14.60473122533919","4.888194775423651,4.879680825245053,4.905268622072921",0.1605823260560726,,0
open,high,low,close,adjclose,volume,ticker,RSI_14,sma_7,RSI_Trend,ub,mb,lb,ub_tren,lb_tren,3_ub_point,3_lb_point,divergence_angle,divergence_col,rsi_indication
0.6499999761581421,0.699999988079071,0.6000000238418579,0.699999988079071,0.699999988079071,19355.0,BLUEBLENDS.NS,75.69314875049551,0.6571428350039891,32.07374293144446,0.6748606618587457,0.6524999767541886,0.6301392916496315,0.0,-0.0,"0.6499999761581421,0.6499999761581421,0.6748606618587457","0.6499999761581421,0.6499999761581421,0.6301392916496315",0.0737668724411833,,0
open,high,low,close,adjclose,volume,ticker,RSI_14,sma_7,RSI_Trend,ub,mb,lb,ub_tren,lb_tren,3_ub_point,3_lb_point,divergence_angle,divergence_col,rsi_indication
0.20000000298023224,0.25,0.20000000298023224,0.25,0.25,43383.0,BLUECHIP.NS,78.01441213024702,0.20714285969734192,9.593598687527816,0.26644228664055947,0.1575000027194619,0.04855771879836432,0.0,0.0,"0.24708356146261984,0.25259783953125753,0.26644228664055947","0.042916443976303995,0.047402166056677894,0.04855771879836432",-0.11575457197656647,,0
open,high,low,close,adjclose,volume,ticker,RSI_14,sma_7,RSI_Trend,ub,mb,lb,ub_tren,lb_tren,3_ub_point,3_lb_point,divergence_angle,divergence_col,rsi_indication
30.450000762939453,30.450000762939453,30.049999237060547,30.450000762939453,30.450000762939453,28781.0,BROOKS.NS,79.4494702336972,26.7000002179827,2.351049682972956,31.171984170927953,20.617500066757202,10.063015962586451,2.0,-0.0,"28.031668099471602,29.56941067792028,31.171984170927953","10.558331957748853,10.185589341153202,10.063015962586451",1.6132394496935376,,0
open,high,low,close,adjclose,volume,ticker,RSI_14,sma_7,RSI_Trend,ub,mb,lb,ub_tren,lb_tren,3_ub_point,3_lb_point,divergence_angle,divergence_col,rsi_indication
124.8499984741211,124.8499984741211,115.80000305175781,117.75,117.75,206109.0,CGCL.NS,29.38727649824844,124.67142922537667,-0.33542875497013824,183.42965391437212,139.36000061035156,95.290347306331,-5.0,-1.0,"190.01959599164684,188.37275052281439,183.42965391437212","99.12540599199576,96.35225100306451,95.290347306331",26.2206057623207,,1
open,high,low,close,adjclose,volume,ticker,RSI_14,sma_7,RSI_Trend,ub,mb,lb,ub_tren,lb_tren,3_ub_point,3_lb_point,divergence_angle,divergence_col,rsi_indication
166.25,167.0,152.8000030517578,153.60000610351562,153.60000610351562,25636.0,CHALET.NS,23.1956501019977,169.17857142857142,-1.6681882848661473,213.39461349336696,181.97749862670898,150.560383760051,-0.0,-4.0,"214.61618645015284,213.68624652729494,213.39461349336696","158.33881080326512,154.91375042094722,150.560383760051",8.08263234764047,,1
open,high,low,close,adjclose,volume,ticker,RSI_14,sma_7,RSI_Trend,ub,mb,lb,ub_tren,lb_tren,3_ub_point,3_lb_point,divergence_angle,divergence_col,rsi_indication
289.75,289.75,280.1000061035156,282.45001220703125,282.45001220703125,43402.0,CHOLAHLDNG.NS,27.84206433556554,287.51428658621654,0.8074020364396972,338.59898403774775,292.7175003051758,246.83601657260385,-8.0,2.0,"359.2688423834763,346.94058000937235,338.59898403774775","240.81115639582055,244.72441938027603,246.83601657260385",20.395604084747646,,1
open,high,low,close,adjclose,volume,ticker,RSI_14,sma_7,RSI_Trend,ub,mb,lb,ub_tren,lb_tren,3_ub_point,3_lb_point,divergence_angle,divergence_col,rsi_indication
600.0,632.6500244140625,600.0,608.7000122070312,608.7000122070312,14088494.0,CIPLA.NS,75.93532588162034,593.914289202009,1.2905840836427132,695.3275750709691,520.7724990844727,346.21742309797617,6.0,18.0,"682.7892595138493,689.7741813932116,695.3275750709691","313.22573987579915,328.6458167757337,346.21742309797617",9.030350741485933,,0
open,high,low,close,adjclose,volume,ticker,RSI_14,sma_7,RSI_Trend,ub,mb,lb,ub_tren,lb_tren,3_ub_point,3_lb_point,divergence_angle,divergence_col,rsi_indication
19.200000762939453,19.200000762939453,19.200000762939453,19.200000762939453,19.200000762939453,55678.0,COFFEEDAY.NS,3.0372816957035127,20.20714351109096,-0.9545110015604337,25.49740874402092,22.017500400543213,18.537592057065506,-0.0,-0.0,"25.94099129737264,25.703515803049303,25.49740874402092","19.094009503713785,18.88148499803712,18.537592057065506",0.7496075296613753,,1
open,high,low,close,adjclose,volume,ticker,RSI_14,sma_7,RSI_Trend,ub,mb,lb,ub_tren,lb_tren,3_ub_point,3_lb_point,divergence_angle,divergence_col,rsi_indication
1495.0,1563.9000244140625,1492.050048828125,1552.4000244140625,1552.4000244140625,1653142.0,COLPAL.NS,73.05814008753546,1452.835728236607,4.6692845118896,1579.7681631618957,1337.7425048828125,1095.7168466037292,26.0,17.0,"1540.5905864285915,1554.1502476800433,1579.7681631618957","1053.1894184542211,1078.4947596441752,1095.7168466037292",23.493179916196823,,0
open,high,low,close,adjclose,volume,ticker,RSI_14,sma_7,RSI_Trend,ub,mb,lb,ub_tren,lb_tren,3_ub_point,3_lb_point,divergence_angle,divergence_col,rsi_indication
20.350000381469727,20.399999618530273,19.350000381469727,20.049999237060547,20.049999237060547,182842,CONFIPET.NS,0.0,0.0,,,,,,,"nan,nan,nan","nan,nan,nan",,,1
open,high,low,close,adjclose,volume,ticker,RSI_14,sma_7,RSI_Trend,ub,mb,lb,ub_tren,lb_tren,3_ub_point,3_lb_point,divergence_angle,divergence_col,rsi_indication
1.0,1.0,0.949999988079071,1.0,1.0,1553925.0,COX&KINGS.NS,72.50497186021107,0.8928571428571429,2.4912347597917517,1.0293268439662973,0.7024999976158142,0.37567315126533113,0.0,0.0,"0.9431885304744878,0.9843944551188709,1.0293268439662973","0.36681146594923336,0.3706055401127576,0.37567315126533113",-0.15393519756995033,,0
open,high,low,close,adjclose,volume,ticker,RSI_14,sma_7,RSI_Trend,ub,mb,lb,ub_tren,lb_tren,3_ub_point,3_lb_point,divergence_angle,divergence_col,rsi_indication
216.0,217.0,204.5500030517578,206.64999389648438,206.64999389648438,942665.0,CYIENT.NS,23.69227428014146,219.2142835344587,-1.6049733452505848,238.20055016220795,223.23000106811523,208.2594519740225,1.0,-2.0,"237.2332027576961,237.08167705822362,238.20055016220795","211.78179968371015,210.18332538318262,208.2594519740225",8.882403263309385,,1
open,high,low,close,adjclose,volume,ticker,RSI_14,sma_7,RSI_Trend,ub,mb,lb,ub_tren,lb_tren,3_ub_point,3_lb_point,divergence_angle,divergence_col,rsi_indication
4.150000095367432,4.150000095367432,4.050000190734863,4.099999904632568,4.099999904632568,498624.0,DBREALTY.NS,29.508845857190636,3.9785714149475098,3.4094906849176,5.420856536272454,4.382500004768372,3.34414347326429,-0.0,-0.0,"5.649276444462109,5.518415706837652,5.420856536272454","3.360723593684864,3.3515843217725783,3.34414347326429",0.018014580492973664,,1
open,high,low,close,adjclose,volume,ticker,RSI_14,sma_7,RSI_Trend,ub,mb,lb,ub_tren,lb_tren,3_ub_point,3_lb_point,divergence_angle,divergence_col,rsi_indication
21.100000381469727,21.5,20.5,21.0,21.0,3610.0,DCM.NS,73.3253874860601,20.071428843906947,1.9372845269499521,22.4993094518388,16.584999990463256,10.670690529087711,1.0,0.0,"21.260066784456455,21.88728750479541,22.4993094518388","10.549933253690519,10.542712514278081,10.670690529087711",0.6791809060071046,,0
open,high,low,close,adjclose,volume,ticker,RSI_14,sma_7,RSI_Trend,ub,mb,lb,ub_tren,lb_tren,3_ub_point,3_lb_point,divergence_angle,divergence_col,rsi_indication
46.849998474121094,46.849998474121094,45.400001525878906,46.849998474121094,46.849998474121094,77835.0,DEN.NS,73.61583348576795,40.88571384974888,3.135824592803104,45.87656637408717,34.60749979019165,23.338433206296138,2.0,-0.0,"41.81904939344615,43.80499477502581,45.87656637408717","23.74595018693715,23.40500488165143,23.338433206296138",1.860938592056101,,0
open,high,low,close,adjclose,volume,ticker,RSI_14,sma_7,RSI_Trend,ub,mb,lb,ub_tren,lb_tren,3_ub_point,3_lb_point,divergence_angle,divergence_col,rsi_indication
0.6499999761581421,0.699999988079071,0.6499999761581421,0.699999988079071,0.699999988079071,66926.0,DIAPOWER.NS,73.0059635129333,0.6142857159887042,0.0,0.7126053788626455,0.4799999982118607,0.24739461756107586,0.0,0.0,"0.6379078092012125,0.6814782864416127,0.7126053788626455","0.2470921902027411,0.23852171236629444,0.24739461756107586",-0.011272835645740997,,0
open,high,low,close,adjclose,volume,ticker,RSI_14,sma_7,RSI_Trend,ub,mb,lb,ub_tren,lb_tren,3_ub_point,3_lb_point,divergence_angle,divergence_col,rsi_indication
1.649999976158142,1.649999976158142,1.600000023841858,1.600000023841858,1.600000023841858,73416.0,DQE.NS,74.37629151656486,1.4928571496691023,0.0,1.6596402320478247,1.2524999976158142,0.8453597631838037,0.0,-0.0,"1.5530876256583461,1.6078976233430837,1.6596402320478247","0.8869123600365388,0.8621023695043588,0.8453597631838037",-0.11876801818681315,,0
open,high,low,close,adjclose,volume,ticker,RSI_14,sma_7,RSI_Trend,ub,mb,lb,ub_tren,lb_tren,3_ub_point,3_lb_point,divergence_angle,divergence_col,rsi_indication
4002.800048828125,4065.10009765625,3955.050048828125,3980.300048828125,3980.300048828125,1124679.0,DRREDDY.NS,71.15985999899067,3979.671456473214,-1.4889633342551463,4431.424539020846,3565.20751953125,2698.990500041654,25.0,88.0,"4371.626712907697,4406.924205892411,4431.424539020846","2523.1133017407415,2611.2558234044636,2698.990500041654",6.235937633978523,,0
open,high,low,close,adjclose,volume,ticker,RSI_14,sma_7,RSI_Trend,ub,mb,lb,ub_tren,lb_tren,3_ub_point,3_lb_point,divergence_angle,divergence_col,rsi_indication
573.9500122070312,573.9500122070312,522.5,534.5,534.5,3066,EBIXFOREX.NS,92.18949297086596,525.4642813546317,-7.810507029134044,,,,,,"nan,nan,nan","nan,nan,nan",,,0
open,high,low,close,adjclose,volume,ticker,RSI_14,sma_7,RSI_Trend,ub,mb,lb,ub_tren,lb_tren,3_ub_point,3_lb_point,divergence_angle,divergence_col,rsi_indication
1.7000000476837158,1.7000000476837158,1.7000000476837158,1.7000000476837158,1.7000000476837158,16683.0,EDUCOMP.NS,88.18640965047204,1.5500000034059798,1.0032134213667803,1.8110237825693327,1.2275000005960464,0.64397621862276,0.0,0.0,"1.6927382105201683,1.7512243261101608,1.8110237825693327","0.5822617894798315,0.6137756715056534,0.64397621862276",-0.16754018486210498,,0
open,high,low,close,adjclose,volume,ticker,RSI_14,sma_7,RSI_Trend,ub,mb,lb,ub_tren,lb_tren,3_ub_point,3_lb_point,divergence_angle,divergence_col,rsi_indication
98.55000305175781,98.55000305175781,89.25,89.25,89.25,18350,EMAMIPAP.NS,0.0,0.0,,,,,,,"nan,nan,nan","nan,nan,nan",,,1
open,high,low,close,adjclose,volume,ticker,RSI_14,sma_7,RSI_Trend,ub,mb,lb,ub_tren,lb_tren,3_ub_point,3_lb_point,divergence_angle,divergence_col,rsi_indication
0.8999999761581421,0.949999988079071,0.8999999761581421,0.949999988079071,0.949999988079071,12295.0,EMCO.NS,79.50864077557296,0.8500000068119594,2.2322622359937725,1.0009265299168078,0.6275000005960465,0.2540734712752852,0.0,-0.0,"0.9030533066020541,0.9497348434799914,1.0009265299168078","0.2669466981663176,0.2602651589041943,0.2540734712752852",-0.15393542020851214,,0
open,high,low,close,adjclose,volume,ticker,RSI_14,sma_7,RSI_Trend,ub,mb,lb,ub_tren,lb_tren,3_ub_point,3_lb_point,divergence_angle,divergence_col,rsi_indication
6.800000190734863,6.800000190734863,6.800000190734863,6.800000190734863,6.800000190734863,2333.0,EON.NS,14.10573386993353,6.800000190734863,0.0,6.884134965809234,6.812500143051148,6.740865320293062,-0.0,0.0,"7.049259341864177,6.898772708914447,6.884134965809234","6.630740915627888,6.736227567651105,6.740865320293062",1.1741816036237083,,1
open,high,low,close,adjclose,volume,ticker,RSI_14,sma_7,RSI_Trend,ub,mb,lb,ub_tren,lb_tren,3_ub_point,3_lb_point,divergence_angle,divergence_col,rsi_indication
22.700000762939453,22.700000762939453,20.600000381469727,20.600000381469727,20.600000381469727,3626356.0,EROSMEDIA.NS,77.6679694641942,18.828571592058456,-7.090161069207795,23.217246169819266,13.110000038146973,3.0027539064746804,1.0,0.0,"20.696534797181005,22.196635703249335,23.217246169819266","2.838465288649683,2.7383643348976374,3.0027539064746804",4.611680011310966,,0
open,high,low,close,adjclose,volume,ticker,RSI_14,sma_7,RSI_Trend,ub,mb,lb,ub_tren,lb_tren,3_ub_point,3_lb_point,divergence_angle,divergence_col,rsi_indication
35.25,36.599998474121094,34.5,36.29999923706055,36.29999923706055,222768.0,FILATEX.NS,72.23447380632666,32.928571701049805,2.2952621591134914,38.749441695290955,25.880000019073485,13.010558342856017,1.0,1.0,"35.96039960211128,37.40848158555236,38.749441695290955","12.20460035974175,12.391518605182505,13.010558342856017",2.8924897724513414,,0
open,high,low,close,adjclose,volume,ticker,RSI_14,sma_7,RSI_Trend,ub,mb,lb,ub_tren,lb_tren,3_ub_point,3_lb_point,divergence_angle,divergence_col,rsi_indication
6.199999809265137,6.199999809265137,5.699999809265137,5.949999809265137,5.949999809265137,742.0,FLEXITUFF.NS,73.4303091060137,5.6285713740757535,0.0,6.44666387493268,4.410000002384185,2.3733361298356908,0.0,-0.0,"5.96431568064866,6.221447054291886,6.44666387493268","2.4656843622666837,2.4035529695499727,2.3733361298356908",0.18319154571778995,,0
open,high,low,close,adjclose,volume,ticker,RSI_14,sma_7,RSI_Trend,ub,mb,lb,ub_tren,lb_tren,3_ub_point,3_lb_point,divergence_angle,divergence_col,rsi_indication
37.099998474121094,37.45000076293945,36.599998474121094,36.70000076293945,36.70000076293945,187553.0,GATI.NS,21.562847280100854,37.62142889840262,-0.32059362768865185,50.62425904000503,41.81000022888183,32.99574141775864,-2.0,0.0,"56.64948611972407,52.54912299864058,50.62425904000503","31.14551433803961,32.75087738282915,32.99574141775864",18.944657321419555,,1
open,high,low,close,adjclose,volume,ticker,RSI_14,sma_7,RSI_Trend,ub,mb,lb,ub_tren,lb_tren,3_ub_point,3_lb_point,divergence_angle,divergence_col,rsi_indication
6.699999809265137,6.699999809265137,6.699999809265137,6.699999809265137,6.699999809265137,1222.0,GBGLOBAL.NS,85.3272575453345,5.871428489685059,1.9867537015608718,6.700647818786229,4.682499980926513,2.6643521430667976,0.0,-0.0,"6.028281104520465,6.355821077047837,6.700647818786229","2.7667188764060495,2.709178908647049,2.6643521430667976",-0.010736683324552132,,0
open,high,low,close,adjclose,volume,ticker,RSI_14,sma_7,RSI_Trend,ub,mb,lb,ub_tren,lb_tren,3_ub_point,3_lb_point,divergence_angle,divergence_col,rsi_indication
52.5,54.0,47.099998474121094,53.75,53.75,2704.0,GEEKAYWIRE.NS,99.95134399187992,41.964285714285715,4.822938627073029,46.836686938124686,40.6875,34.538313061875314,7.0,-5.0,"40.00000160853187,40.00000160853187,46.836686938124686","39.99999839146813,39.99999839146813,34.538313061875314",62.85052381780082,divergence,0
open,high,low,close,adjclose,volume,ticker,RSI_14,sma_7,RSI_Trend,ub,mb,lb,ub_tren,lb_tren,3_ub_point,3_lb_point,divergence_angle,divergence_col,rsi_indication
1.7999999523162842,1.7999999523162842,1.7999999523162842,1.7999999523162842,1.7999999523162842,217.0,GISOLUTION.NS,0.2042345822670768,1.8142856870378767,0.0,2.1045208389591195,1.922499990463257,1.7404791419673946,-0.0,-0.0,"2.1088066426055994,2.108044283430516,2.1045208389591195","1.7761933478576577,1.7569557022643694,1.7404791419673946",-0.1509415232367246,,1
open,high,low,close,adjclose,volume,ticker,RSI_14,sma_7,RSI_Trend,ub,mb,lb,ub_tren,lb_tren,3_ub_point,3_lb_point,divergence_angle,divergence_col,rsi_indication
352.0,355.45001220703125,340.5,342.1000061035156,342.1000061035156,6286625.0,GLENMARK.NS,73.985411111959,327.0357186453683,-1.5269846762732158,385.2517239062335,267.74000244140626,150.22828097657901,8.0,7.0,"366.26156865149983,377.0241877238017,385.2517239062335","138.39343623131265,143.3058171590109,150.22828097657901",16.013950834765296,,0
open,high,low,close,adjclose,volume,ticker,RSI_14,sma_7,RSI_Trend,ub,mb,lb,ub_tren,lb_tren,3_ub_point,3_lb_point,divergence_angle,divergence_col,rsi_indication
264.5,268.5,257.1000061035156,258.79998779296875,258.79998779296875,577058.0,GODREJIND.NS,21.689881981430986,268.7142813546317,-1.5897380239441645,294.5107906967654,276.8374969482422,259.16420319971894,-0.0,-3.0,"295.3456996749421,294.9118458823143,294.5107906967654","264.09429361119066,261.9231486245217,259.16420319971894",3.1809646120158845,,1
open,high,low,close,adjclose,volume,ticker,RSI_14,sma_7,RSI_Trend,ub,mb,lb,ub_tren,lb_tren,3_ub_point,3_lb_point,divergence_angle,divergence_col,rsi_indication
2.3499999046325684,2.3499999046325684,2.200000047683716,2.299999952316284,2.299999952316284,428255.0,GREENPOWER.NS,84.29204689070292,2.0999999897820607,1.131189864060559,2.374078257714312,1.7499999940395354,1.1259217303647586,0.0,0.0,"2.225586679770405,2.303153192498783,2.374078257714312","1.0694133130770376,1.0918468003486597,1.1259217303647586",-0.0777934898232786,,0
open,high,low,close,adjclose,volume,ticker,RSI_14,sma_7,RSI_Trend,ub,mb,lb,ub_tren,lb_tren,3_ub_point,3_lb_point,divergence_angle,divergence_col,rsi_indication
6.599999904632568,6.699999809265137,6.599999904632568,6.699999809265137,6.699999809265137,615,GUJRAFFIA.NS,0.0,0.0,,,,,,,"nan,nan,nan","nan,nan,nan",,,1
open,high,low,close,adjclose,volume,ticker,RSI_14,sma_7,RSI_Trend,ub,mb,lb,ub_tren,lb_tren,3_ub_point,3_lb_point,divergence_angle,divergence_col,rsi_indication
7.0,7.0,7.0,7.0,7.0,128184.0,HCL-INSYS.NS,84.47427087080914,6.142857074737549,1.8078362907579333,7.131074794391853,4.7899999737739565,2.4489251531560603,0.0,-0.0,"6.426350883090559,6.776894784309154,7.131074794391853","2.4986490930675833,2.4531051632387593,2.4489251531560603",0.07533706914628624,,0
open,high,low,close,adjclose,volume,ticker,RSI_14,sma_7,RSI_Trend,ub,mb,lb,ub_tren,lb_tren,3_ub_point,3_lb_point,divergence_angle,divergence_col,rsi_indication
0.3499999940395355,0.4000000059604645,0.30000001192092896,0.3499999940395355,0.3499999940395355,144199.0,HIGHGROUND.NS,78.42420024125877,0.34285713945116314,0.0,0.3620162243389867,0.31500000655651095,0.26798378877403517,0.0,-0.0,"0.35103912774974666,0.356926157393026,0.3620162243389867","0.26896088893955383,0.26807385750813517,0.26798378877403517",-0.17346007624394133,,0
open,high,low,close,adjclose,volume,ticker,RSI_14,sma_7,RSI_Trend,ub,mb,lb,ub_tren,lb_tren,3_ub_point,3_lb_point,divergence_angle,divergence_col,rsi_indication
11.899999618530273,11.899999618530273,10.800000190734863,10.800000190734863,10.800000190734863,12468.0,HILTON.NS,71.92370591193298,10.064285823277064,-9.247944014091672,11.364740340365426,8.340000081062318,5.315259821759209,0.0,0.0,"10.394549158123212,10.996235050076844,11.364740340365426","5.450450965854449,5.303765092974301,5.315259821759209",2.0576164788516564,,0
open,high,low,close,adjclose,volume,ticker,RSI_14,sma_7,RSI_Trend,ub,mb,lb,ub_tren,lb_tren,3_ub_point,3_lb_point,divergence_angle,divergence_col,rsi_indication
41.04999923706055,41.04999923706055,39.20000076293945,39.79999923706055,39.79999923706055,2618.0,HOVS.NS,72.1896502783298,38.01428549630301,1.1830634008098855,43.44271420011684,30.404999828338624,17.367285456560406,1.0,0.0,"40.76480007522791,42.152716402419955,43.44271420011684","17.115199848478138,17.097283406845182,17.367285456560406",2.018941189333873,,0
open,high,low,close,adjclose,volume,ticker,RSI_14,sma_7,RSI_Trend,ub,mb,lb,ub_tren,lb_tren,3_ub_point,3_lb_point,divergence_angle,divergence_col,rsi_indication
78.44999694824219,78.55000305175781,74.0,74.44999694824219,74.44999694824219,100716.0,IIFL.NS,26.955379604544746,79.40714263916016,-0.2613111829592327,89.31800819387443,80.21750030517578,71.11699241647712,-0.0,0.0,"89.30548312103116,89.3484258075358,89.31800819387443","71.70951779449618,71.05157495540364,71.11699241647712",4.379155274438659,,1
open,high,low,close,adjclose,volume,ticker,RSI_14,sma_7,RSI_Trend,ub,mb,lb,ub_tren,lb_tren,3_ub_point,3_lb_point,divergence_angle,divergence_col,rsi_indication
2.4000000953674316,2.4000000953674316,2.299999952316284,2.4000000953674316,2.4000000953674316,51068.0,IL&FSENGG.NS,84.3994361694394,2.121428574834551,2.266441922219684,2.3177327447844167,1.8625000059604644,1.4072672671365123,0.0,-0.0,"2.1186335278461774,2.2122983151808873,2.3177327447844167","1.4613664793063799,1.4377016848191129,1.4072672671365123",-0.07632816163462053,,0
open,high,low,close,adjclose,volume,ticker,RSI_14,sma_7,RSI_Trend,ub,mb,lb,ub_tren,lb_tren,3_ub_point,3_lb_point,divergence_angle,divergence_col,rsi_indication
3.6500000953674316,3.950000047683716,3.6500000953674316,3.8499999046325684,3.8499999046325684,79280,IMAGICAA.NS,0.0,0.0,,,,,,,"nan,nan,nan","nan,nan,nan",,,1
open,high,low,close,adjclose,volume,ticker,RSI_14,sma_7,RSI_Trend,ub,mb,lb,ub_tren,lb_tren,3_ub_point,3_lb_point,divergence_angle,divergence_col,rsi_indication
16.200000762939453,16.25,15.800000190734863,16.25,16.25,1666.0,INDLMETER.NS,75.31612501425764,14.371428625924247,2.9498067413157116,16.15139523467598,11.719999933242798,7.288604631809616,1.0,-0.0,"14.619186470407094,15.35996626573689,16.15139523467598","7.625813319784555,7.420033562601733,7.288604631809616",0.5321454546991902,,0
open,high,low,close,adjclose,volume,ticker,RSI_14,sma_7,RSI_Trend,ub,mb,lb,ub_tren,lb_tren,3_ub_point,3_lb_point,divergence_angle,divergence_col,rsi_indication
90.0,95.9000015258789,88.0,94.1500015258789,94.1500015258789,31492.0,INFOBEAN.NS,70.38805856898134,86.8499995640346,2.296823439887433,95.16783215507373,73.64750022888184,52.12716830268995,3.0,1.0,"89.12073039093076,92.14811537248765,95.16783215507373","51.284269914245016,51.53188493268813,52.12716830268995",1.8469496566950738,,0
open,high,low,close,adjclose,volume,ticker,RSI_14,sma_7,RSI_Trend,ub,mb,lb,ub_tren,lb_tren,3_ub_point,3_lb_point,divergence_angle,divergence_col,rsi_indication
219.0,219.0,201.60000610351562,206.1999969482422,206.1999969482422,721692.0,INOXLEISUR.NS,28.185585280631102,219.85714067731584,-2.1804760573705124,284.01323158789063,239.54749908447266,195.0817665810547,1.0,-5.0,"283.9248044847985,283.1193964349514,284.01323158789063","203.26019459967415,199.8506017339939,195.0817665810547",16.20656283235465,,1
open,high,low,close,adjclose,volume,ticker,RSI_14,sma_7,RSI_Trend,ub,mb,lb,ub_tren,lb_tren,3_ub_point,3_lb_point,divergence_angle,divergence_col,rsi_indication
0.4000000059604645,0.4000000059604645,0.4000000059604645,0.4000000059604645,0.4000000059604645,144.0,INTEGRA.NS,16.86605440781379,0.42857142857142855,0.0,0.6061708190277952,0.49250000417232515,0.3788291893168551,-0.0,-0.0,"0.6017906177909405,0.6076055300030428,0.6061708190277952","0.40820939055370986,0.3923944789376538,0.3788291893168551",-0.1281429867779309,,1
open,high,low,close,adjclose,volume,ticker,RSI_14,sma_7,RSI_Trend,ub,mb,lb,ub_tren,lb_tren,3_ub_point,3_lb_point,divergence_angle,divergence_col,rsi_indication
86.0,87.44999694824219,83.8499984741211,84.4000015258789,84.4000015258789,427982.0,IRCON.NS,27.035302410649663,87.71428680419922,-0.16606565161539777,266.7951738799484,110.00200042724609,-46.791173025456175,-32.0,10.0,"328.1988350469568,298.713073555512,266.7951738799484","-63.989832361409924,-57.039072243256115,-46.791173025456175",12.061048199955849,,1
open,high,low,close,adjclose,volume,ticker,RSI_14,sma_7,RSI_Trend,ub,mb,lb,ub_tren,lb_tren,3_ub_point,3_lb_point,divergence_angle,divergence_col,rsi_indication
3.3499999046325684,3.3499999046325684,3.049999952316284,3.299999952316284,3.299999952316284,30375.0,JAYNECOIND.NS,76.28753104661149,2.9785714149475098,2.1066861707568307,3.3886550323612936,2.4624999940395353,1.536344955717777,0.0,0.0,"3.125485427579681,3.258834780046404,3.3886550323612936","1.5495145604993898,1.5311652175694097,1.536344955717777",-0.02749025697235652,,0
open,high,low,close,adjclose,volume,ticker,RSI_14,sma_7,RSI_Trend,ub,mb,lb,ub_tren,lb_tren,3_ub_point,3_lb_point,divergence_angle,divergence_col,rsi_indication
6.050000190734863,6.050000190734863,6.050000190734863,6.050000190734863,6.050000190734863,23481.0,JISLDVREQS.NS,78.00856021347491,5.321428707667759,2.316758665127523,6.084837393450008,4.230000042915345,2.3751626923806812,0.0,-0.0,"5.470967098389832,5.7733202148182725,6.084837393450008","2.5090329445255124,2.4266798567073016,2.3751626923806812",0.04664454700474607,,0
open,high,low,close,adjclose,volume,ticker,RSI_14,sma_7,RSI_Trend,ub,mb,lb,ub_tren,lb_tren,3_ub_point,3_lb_point,divergence_angle,divergence_col,rsi_indication
6.099999904632568,6.099999904632568,6.099999904632568,6.099999904632568,6.099999904632568,241296.0,JISLJALEQS.NS,78.51082402171068,5.371428489685059,2.256597428459358,6.172535788686435,4.2474999785423275,2.32246416839822,0.0,-0.0,"5.562593915665472,5.865272133755321,6.172535788686435","2.4124060604926703,2.3497278280977074,2.32246416839822",0.0466734474926227,,0
open,high,low,close,adjclose,volume,ticker,RSI_14,sma_7,RSI_Trend,ub,mb,lb,ub_tren,lb_tren,3_ub_point,3_lb_point,divergence_angle,divergence_col,rsi_indication
156.0,170.75,145.25,170.75,170.75,186429.0,JOCIL.NS,77.2378788533702,131.12857164655412,8.095400781304988,152.8189204580559,111.56000022888183,70.30107999970775,12.0,-3.0,"134.50394028491206,140.34573052689296,152.8189204580559","73.40605956250006,73.4342697782828,70.30107999970775",38.382941270317815,divergence,0
open,high,low,close,adjclose,volume,ticker,RSI_14,sma_7,RSI_Trend,ub,mb,lb,ub_tren,lb_tren,3_ub_point,3_lb_point,divergence_angle,divergence_col,rsi_indication
1.7999999523162842,1.7999999523162842,1.7999999523162842,1.7999999523162842,1.7999999523162842,1326716.0,JPASSOCIAT.NS,72.58248891805428,1.6499999931880407,2.085059120519162,1.8550053659019727,1.3649999976158143,0.8749946293296558,0.0,-0.0,"1.7160075264273416,1.7846782541713417,1.8550053659019727","0.9039924783410299,0.8853217505970296,0.8749946293296558",-0.1252730027535165,,0
